"Nume","Varsta","Talie","Sex","Comportament","Vaccin","Descriere","Imagine principala","Alte imagini","Video","Adoptii virtuale caini (List)","Adoptii virtuale caini (Item)","ID","Created Date","Updated Date","Owner"
"Trafurica","1,5 ani","Medie","Mascul","Timid","Vaccinat si castrat","Trafurica este un catel in varsta de 1,5 ani, foarte sperios, nu are deloc incredere in oameni si nu se lasa mangaiat, ca atare este neadoptabil si va trai toata viata in adapost. Il puteti sustine printr-o donatie in conturile de mai jos. Va multumim!","wix:image://v1/313291_04f9f70f990a4dc3bec230d36c96ec3d~mv2.jpg/trafurica1.jpg#originWidth=440&originHeight=497","[{""description"":"""",""slug"":""313291_04f9f70f990a4dc3bec230d36c96ec3d~mv2.jpg"",""alt"":"""",""src"":""wix:image://v1/313291_04f9f70f990a4dc3bec230d36c96ec3d~mv2.jpg/trafurica1.jpg#originWidth=440&originHeight=497"",""title"":""trafurica1.jpg"",""type"":""image"",""settings"":{""width"":440,""height"":497,""focalPoint"":[0.5,0.5]}},{""description"":"""",""slug"":""313291_ec666fb9c778490498c065adad7d41a2~mv2.jpg"",""alt"":"""",""src"":""wix:image://v1/313291_ec666fb9c778490498c065adad7d41a2~mv2.jpg/trafurica2.jpg#originWidth=440&originHeight=285"",""title"":""trafurica2.jpg"",""type"":""image"",""settings"":{""width"":440,""height"":285,""focalPoint"":[0.5,0.5]}}]",,"/adoptii-virtuale-caini/","/adoptii-virtuale-caini/trafurica","14dedaa3-3712-4c86-9aab-f2c403a58019",2024-04-05T21:52:13Z,2024-04-05T21:53:32Z,"31329177-7717-416d-a193-71cad58cf27c"
"Igor","3 ani","Medie","Mascul","Timid si sperios","Vaccinat si sterilizat","Desi il avem in grija se cand era un puiut, Igor nu are incredere deloc in oameni, este un catelus foarte sperios, nu vine sa ne intampine, iar daca mergem noi catre el, se lasa cu greu mangaiat. In rest, este un catelus prietenos si sociabil cu alti catei si se bucura de viata jn felul lui. Noi il iubim asa cum este si vom avea grija de el pt tot restul vietii iar voi il puteti sustine printr-o donatie in conturile de mai jos. Va multumim!","wix:image://v1/313291_d6ac858c6260449aa4c8618fe43836c2~mv2.jpg/igor1.jpg#originWidth=251&originHeight=334","[{""description"":"""",""slug"":""313291_d6ac858c6260449aa4c8618fe43836c2~mv2.jpg"",""alt"":"""",""src"":""wix:image://v1/313291_d6ac858c6260449aa4c8618fe43836c2~mv2.jpg/igor1.jpg#originWidth=251&originHeight=334"",""title"":""igor1.jpg"",""type"":""image"",""settings"":{""width"":251,""height"":334,""focalPoint"":[0.5,0.5]}},{""description"":"""",""slug"":""313291_efa5f3491e94472988b49838f7cf1cbd~mv2.jpg"",""alt"":"""",""src"":""wix:image://v1/313291_efa5f3491e94472988b49838f7cf1cbd~mv2.jpg/igor2.jpg#originWidth=251&originHeight=334"",""title"":""igor2.jpg"",""type"":""image"",""settings"":{""width"":251,""height"":334,""focalPoint"":[0.5,0.5]}},{""description"":"""",""slug"":""313291_76e0f46b38c0434bba71a52dab332db8~mv2.jpg"",""alt"":"""",""src"":""wix:image://v1/313291_76e0f46b38c0434bba71a52dab332db8~mv2.jpg/igor3.jpg#originWidth=251&originHeight=334"",""title"":""igor3.jpg"",""type"":""image"",""settings"":{""width"":251,""height"":334,""focalPoint"":[0.5,0.5]}}]",,"/adoptii-virtuale-caini/","/adoptii-virtuale-caini/igor","1785f069-5a6b-4020-8487-b4a1b24cc3a2",2024-04-05T21:47:36Z,2024-04-05T21:49:01Z,"31329177-7717-416d-a193-71cad58cf27c"
"Nicka","12 ani","Mare","Femela","Docila si afectuoasa","Vaccinata si sterilizata","Nicka batranica a fost salvata dintr-un adapost de stat in 2015 unde era pe lista mortii. Are nevoie de hrana buna si suplimente pt articulatii.

Nicka poate fi adoptata virtual printr-o donatie in conturile de mai jos. Va multumim!","wix:image://v1/313291_2c57be664b31487fa4c562e1eb361359~mv2.jpg/nicka1.jpg#originWidth=259&originHeight=397","[{""description"":"""",""slug"":""313291_2c57be664b31487fa4c562e1eb361359~mv2.jpg"",""alt"":"""",""src"":""wix:image://v1/313291_2c57be664b31487fa4c562e1eb361359~mv2.jpg/nicka1.jpg#originWidth=259&originHeight=397"",""title"":""nicka1.jpg"",""type"":""image"",""settings"":{""width"":259,""height"":397,""focalPoint"":[0.5,0.5]}},{""description"":"""",""slug"":""313291_ad1fdb80dabf4d338f85abdb4b49b276~mv2.jpg"",""alt"":"""",""src"":""wix:image://v1/313291_ad1fdb80dabf4d338f85abdb4b49b276~mv2.jpg/nicka2.jpg#originWidth=259&originHeight=336"",""title"":""nicka2.jpg"",""type"":""image"",""settings"":{""width"":259,""height"":336,""focalPoint"":[0.5,0.5]}},{""description"":"""",""slug"":""313291_99658887ae29450ba026b3e5f17b2ff3~mv2.jpg"",""alt"":"""",""src"":""wix:image://v1/313291_99658887ae29450ba026b3e5f17b2ff3~mv2.jpg/nicka3.jpg#originWidth=259&originHeight=207"",""title"":""nicka3.jpg"",""type"":""image"",""settings"":{""width"":259,""height"":207,""focalPoint"":[0.5,0.5]}},{""description"":"""",""slug"":""313291_85a702e0317441cb9e18f2deecfd6280~mv2.jpg"",""alt"":"""",""src"":""wix:image://v1/313291_85a702e0317441cb9e18f2deecfd6280~mv2.jpg/nicka4.jpg#originWidth=259&originHeight=345"",""title"":""nicka4.jpg"",""type"":""image"",""settings"":{""width"":259,""height"":345,""focalPoint"":[0.5,0.5]}}]",,"/adoptii-virtuale-caini/","/adoptii-virtuale-caini/nicka","1c9fe1db-be45-49b1-85e9-41065fdb7309",2024-04-05T21:40:00Z,2024-04-05T21:41:53Z,"31329177-7717-416d-a193-71cad58cf27c"
"Elsa","3 ani","Medie","Femela","Timida si sperioasa","Vaccinata si sterilizata","Desi o avem in grija se cand era o puiuta, Elsa nu are incredere deloc in oameni, este o catelusa f sperioasa,, nu vine sa ne intampine, iar daca mergem noi catre ea, se lasa cu greu mangaiata. In rest, este o catelusa prietenoasa si sociabila cu alti catei si se bucura de viata jn felul ei. Noi o iubim asa cum este si von avea grija de ea pt tot restul vietii iar voi o puteti sustine printr-o donatie in conturile de mai jos. Va multumim!","wix:image://v1/313291_9b9e2f9164e042bc8c5aa0f2aa4d742d~mv2.jpg/elsa1.jpg#originWidth=265&originHeight=353","[{""description"":"""",""slug"":""313291_9b9e2f9164e042bc8c5aa0f2aa4d742d~mv2.jpg"",""alt"":"""",""src"":""wix:image://v1/313291_9b9e2f9164e042bc8c5aa0f2aa4d742d~mv2.jpg/elsa1.jpg#originWidth=265&originHeight=353"",""title"":""elsa1.jpg"",""type"":""image"",""settings"":{""width"":265,""height"":353,""focalPoint"":[0.5,0.5]}},{""description"":"""",""slug"":""313291_f02d33a51e434d4ea119e83dfabf4044~mv2.jpg"",""alt"":"""",""src"":""wix:image://v1/313291_f02d33a51e434d4ea119e83dfabf4044~mv2.jpg/elsa2.jpg#originWidth=265&originHeight=379"",""title"":""elsa2.jpg"",""type"":""image"",""settings"":{""width"":265,""height"":379,""focalPoint"":[0.5,0.5]}},{""description"":"""",""slug"":""313291_68e22d6ecf494d17baca690986aa7287~mv2.jpg"",""alt"":"""",""src"":""wix:image://v1/313291_68e22d6ecf494d17baca690986aa7287~mv2.jpg/elsa3.jpg#originWidth=265&originHeight=353"",""title"":""elsa3.jpg"",""type"":""image"",""settings"":{""width"":265,""height"":353,""focalPoint"":[0.5,0.5]}}]",,"/adoptii-virtuale-caini/","/adoptii-virtuale-caini/elsa","35856dbb-f010-421e-a489-894eeb556c25",2024-04-05T21:49:03Z,2024-04-05T21:50:23Z,"31329177-7717-416d-a193-71cad58cf27c"
"Anton","3 ani","Medie","Mascul","Timid si afectuos","Vaccinat si sterilizat","Anton este un catel care are 3 picioare si e si foarte sperios. L-am salvat cand avea doar 3 luni si labuta rupta. Oamenii “de bine” din zona in care se aciuase pe langa un bloc au inceput sa-l haituiasca si au incercat sa-l prinda cu un mincioc, deranjati fiind de prezenta lui. L-am salvat de acolo si l-am preluat in grija noastra, a trebuit sa-i taiem labuta pt ca nu mai putea fi recuperata.

Datorita experientelor proaste pe care le-a avut inainte, nu are incredere in oameni, cu greu putem sa-l mangaiem si sa-l deparazitam. Ca atare, Anton va ramane mereu in grija noastra si cautam pt el oameni care doresc sa-l adopte la distanta, mamici sau tatici care pot face o donatie pt el. Lasam conturile aici cu rugamintea sa specificati pt Anton.","wix:image://v1/313291_f2a458ba5f41453594f15dda91df47d8~mv2.webp/anton1.webp#originWidth=842&originHeight=738","[{""description"":"""",""slug"":""313291_f2a458ba5f41453594f15dda91df47d8~mv2.webp"",""alt"":"""",""src"":""wix:image://v1/313291_f2a458ba5f41453594f15dda91df47d8~mv2.webp/anton1.webp#originWidth=842&originHeight=738"",""title"":""anton1.webp"",""type"":""image"",""settings"":{""width"":842,""height"":738,""focalPoint"":[0.5,0.5]}},{""description"":"""",""slug"":""313291_9f5ced24b4a74e09b52e703db063b0f4~mv2.webp"",""alt"":"""",""src"":""wix:image://v1/313291_9f5ced24b4a74e09b52e703db063b0f4~mv2.webp/anton2.webp#originWidth=554&originHeight=738"",""title"":""anton2.webp"",""type"":""image"",""settings"":{""width"":554,""height"":738,""focalPoint"":[0.5,0.5]}},{""description"":"""",""slug"":""313291_90e1d225f59844afada023028c1512e4~mv2.webp"",""alt"":"""",""src"":""wix:image://v1/313291_90e1d225f59844afada023028c1512e4~mv2.webp/anton3.webp#originWidth=570&originHeight=738"",""title"":""anton3.webp"",""type"":""image"",""settings"":{""width"":570,""height"":738,""focalPoint"":[0.5,0.5]}},{""description"":"""",""slug"":""313291_b9cf7617c75e41d9840c9e789545682b~mv2.webp"",""alt"":"""",""src"":""wix:image://v1/313291_b9cf7617c75e41d9840c9e789545682b~mv2.webp/anton4.webp#originWidth=960&originHeight=720"",""title"":""anton4.webp"",""type"":""image"",""settings"":{""width"":960,""height"":720,""focalPoint"":[0.5,0.5]}}]",,"/adoptii-virtuale-caini/","/adoptii-virtuale-caini/anton","59dc0a88-8684-49ba-9603-a96bdb7de38e",2024-04-05T21:35:23Z,2024-04-05T21:37:04Z,"31329177-7717-416d-a193-71cad58cf27c"
"Roa","10 ani","Medie","Femela","Timida si afectuoasa","Vaccinata si sterilizata","Roa este o catelusa batranica pe care o avem in grija de 7 ani, a fost capturata de hingheri si salvata de noi sj de atunci e in grija noastra. Cateii seniori au nevoie de suplimente pt articulatii. Daca doriti sa o sustineti pe Runa, o puteti face printr-o donatie in conturile de mai jos.","wix:image://v1/313291_a3937fb57e3b47a0b1eaabaa5c6f293d~mv2.webp/roa1.webp#originWidth=567&originHeight=720","[{""description"":"""",""slug"":""313291_a3937fb57e3b47a0b1eaabaa5c6f293d~mv2.webp"",""alt"":"""",""src"":""wix:image://v1/313291_a3937fb57e3b47a0b1eaabaa5c6f293d~mv2.webp/roa1.webp#originWidth=567&originHeight=720"",""title"":""roa1.webp"",""type"":""image"",""settings"":{""width"":567,""height"":720,""focalPoint"":[0.5,0.5]}}]",,"/adoptii-virtuale-caini/","/adoptii-virtuale-caini/roa","5f4f2ae1-e919-4b0c-9324-12f80b47bcfb",2024-04-05T21:44:46Z,2024-04-05T21:46:08Z,"31329177-7717-416d-a193-71cad58cf27c"
"Duke","4 ani","Medie","Mascul","Timid si sperios","Vaccinat si castrat","Duke este un catel atipic, cand vrea el sa vina la tine, vine, ba chiar se urca cu labutele pe noi si se bucura de mangaieri, in schimb daca mergem noi catre el, e reticent iar cand trebuie sa//i punem pipeta antipurici la ceafa, e jale mare, trebuie sa/l alergam tot tarcul. Il puteti sustine pe Duke printr-o donatie in conturile de mai jos, Va multumim!","wix:image://v1/313291_658d69c1ac9d47bca944d8287993258e~mv2.jpg/duke1.jpg#originWidth=274&originHeight=392","[{""description"":"""",""slug"":""313291_658d69c1ac9d47bca944d8287993258e~mv2.jpg"",""alt"":"""",""src"":""wix:image://v1/313291_658d69c1ac9d47bca944d8287993258e~mv2.jpg/duke1.jpg#originWidth=274&originHeight=392"",""title"":""duke1.jpg"",""type"":""image"",""settings"":{""width"":274,""height"":392,""focalPoint"":[0.5,0.5]}},{""description"":"""",""slug"":""313291_d3c1ebf66745454189d57fa965ea2a62~mv2.jpg"",""alt"":"""",""src"":""wix:image://v1/313291_d3c1ebf66745454189d57fa965ea2a62~mv2.jpg/duke2.jpg#originWidth=274&originHeight=436"",""title"":""duke2.jpg"",""type"":""image"",""settings"":{""width"":274,""height"":436,""focalPoint"":[0.5,0.5]}},{""description"":"""",""slug"":""313291_35e87e46684c46618471c103b4daa262~mv2.jpg"",""alt"":"""",""src"":""wix:image://v1/313291_35e87e46684c46618471c103b4daa262~mv2.jpg/duke3.jpg#originWidth=274&originHeight=351"",""title"":""duke3.jpg"",""type"":""image"",""settings"":{""width"":274,""height"":351,""focalPoint"":[0.5,0.5]}},{""description"":"""",""slug"":""313291_d177602e7bf44dbb94688cbdf898201f~mv2.jpg"",""alt"":"""",""src"":""wix:image://v1/313291_d177602e7bf44dbb94688cbdf898201f~mv2.jpg/duke4.jpg#originWidth=274&originHeight=412"",""title"":""duke4.jpg"",""type"":""image"",""settings"":{""width"":274,""height"":412,""focalPoint"":[0.5,0.5]}},{""description"":"""",""slug"":""313291_38ce1184ef68401299e0be23789b7d62~mv2.jpg"",""alt"":"""",""src"":""wix:image://v1/313291_38ce1184ef68401299e0be23789b7d62~mv2.jpg/duke5.jpg#originWidth=274&originHeight=365"",""title"":""duke5.jpg"",""type"":""image"",""settings"":{""width"":274,""height"":365,""focalPoint"":[0.5,0.5]}},{""description"":"""",""slug"":""313291_38d5289ac6ba4e50b4d2a2ad287e1a47~mv2.jpg"",""alt"":"""",""src"":""wix:image://v1/313291_38d5289ac6ba4e50b4d2a2ad287e1a47~mv2.jpg/duke6.jpg#originWidth=274&originHeight=365"",""title"":""duke6.jpg"",""type"":""image"",""settings"":{""width"":274,""height"":365,""focalPoint"":[0.5,0.5]}},{""description"":"""",""slug"":""313291_b0b03921e64646f29226cd442958ed33~mv2.jpg"",""alt"":"""",""src"":""wix:image://v1/313291_b0b03921e64646f29226cd442958ed33~mv2.jpg/duke7.jpg#originWidth=274&originHeight=365"",""title"":""duke7.jpg"",""type"":""image"",""settings"":{""width"":274,""height"":365,""focalPoint"":[0.5,0.5]}}]",,"/adoptii-virtuale-caini/","/adoptii-virtuale-caini/duke","6578c686-894d-4d45-bcb9-f0cec24ea90f",2024-04-05T21:50:25Z,2024-04-05T21:52:11Z,"31329177-7717-416d-a193-71cad58cf27c"
"Urechiusa","7 ani","Medie","Mascul","Sociabil si afectuos","Vaccinat si sterilizat","Urechiusa, salvat cu 5 ani in urma dintr-un adapost de stat.

Cand l-am scos de acolo avea boala numita popular jigodie.

L-am tratat si l-am facut bine dar a ramas cu sechele in urma bolii, are miscari involuntare in partea dorsala a corpulii.

Il ingrijim cum putem mai bine cu hrana buna si vitamine.","wix:image://v1/313291_f0a8410db69c4393ba2485f806d11c8f~mv2.jpg/urechiusa1.jpg#originWidth=428&originHeight=570","[{""description"":"""",""slug"":""313291_f0a8410db69c4393ba2485f806d11c8f~mv2.jpg"",""alt"":"""",""src"":""wix:image://v1/313291_f0a8410db69c4393ba2485f806d11c8f~mv2.jpg/urechiusa1.jpg#originWidth=428&originHeight=570"",""title"":""urechiusa1.jpg"",""type"":""image"",""settings"":{""width"":428,""height"":570,""focalPoint"":[0.5,0.5]}}]",,"/adoptii-virtuale-caini/","/adoptii-virtuale-caini/urechiusa","662e5603-01c6-424c-b058-a7fb925894bd",2024-04-05T21:41:01Z,2024-04-05T21:43:14Z,"31329177-7717-416d-a193-71cad58cf27c"
"Blade","6 ani","Medie","Mascul","Timid si sperios","Vaccinata si sterilizata","Unii catei nu sar in bratele omului, nu se bucura de mangaieri pentru ca sunt timizi si speriosi.

Este si cazul lui Blade, un catel maiestuos si atletic ca o pantera. Insa teama pe care o are fata de oameni il transforma intr-un &nbsp;catel neadaptabil si pe cale de consecinta, neadoptabil intr-un camin.

Il puteti totusi ajuta printr-o adoptie la distanta, oferindu-i astfel tot ce are nevoie in adapost.","wix:image://v1/313291_2dcd1356121d4df2bdb99a06dbdfab3f~mv2.jpeg/blade1.jpeg#originWidth=2323&originHeight=2826","[{""description"":"""",""slug"":""313291_2dcd1356121d4df2bdb99a06dbdfab3f~mv2.jpeg"",""alt"":"""",""src"":""wix:image://v1/313291_2dcd1356121d4df2bdb99a06dbdfab3f~mv2.jpeg/blade1.jpeg#originWidth=2323&originHeight=2826"",""title"":""blade1.jpeg"",""type"":""image"",""settings"":{""width"":2323,""height"":2826,""focalPoint"":[0.5,0.5]}},{""description"":"""",""slug"":""313291_67963883a02b49e4adbc67cda3d48679~mv2.jpeg"",""alt"":"""",""src"":""wix:image://v1/313291_67963883a02b49e4adbc67cda3d48679~mv2.jpeg/blade2.jpeg#originWidth=2763&originHeight=2712"",""title"":""blade2.jpeg"",""type"":""image"",""settings"":{""width"":2763,""height"":2712,""focalPoint"":[0.5,0.5]}}]",,"/adoptii-virtuale-caini/","/adoptii-virtuale-caini/blade","79de1a5c-2fe9-46d3-b4f2-6a04a0d9564a",2024-03-06T20:46:33Z,2024-03-06T21:08:04Z,"31329177-7717-416d-a193-71cad58cf27c"
"Familie speriosi","4 ani","Medie","Mascul - femela","Timizi si speriosi","Vaccinati si castrati","Bond, Chent, Panduru, Shiva si Blade sunt in grija noastra de cand erau puiuti. Nu stim ce li s-a intamplat, noi i-am gasit abadonati pe un camp, poate au fost si batuti, cert e ca sunt catei speriosi, cu greu reusim sa-i atingen sau sa-i mangaiem. Daca doriti sa-i sustineti, o puteti face printr-o donatie in conturile de mai jos.","wix:image://v1/313291_072ad5a54d9d40d49863f11721f014e5~mv2.jpg/familie1.jpg#originWidth=274&originHeight=168","[{""description"":"""",""slug"":""313291_072ad5a54d9d40d49863f11721f014e5~mv2.jpg"",""alt"":"""",""src"":""wix:image://v1/313291_072ad5a54d9d40d49863f11721f014e5~mv2.jpg/familie1.jpg#originWidth=274&originHeight=168"",""title"":""familie1.jpg"",""type"":""image"",""settings"":{""width"":274,""height"":168,""focalPoint"":[0.5,0.5]}},{""description"":"""",""slug"":""313291_357ce937486a4cdeb5d6925ab741b914~mv2.jpg"",""alt"":"""",""src"":""wix:image://v1/313291_357ce937486a4cdeb5d6925ab741b914~mv2.jpg/familie3.jpg#originWidth=274&originHeight=438"",""title"":""familie3.jpg"",""type"":""image"",""settings"":{""width"":274,""height"":438,""focalPoint"":[0.5,0.5]}},{""description"":"""",""slug"":""313291_6f873aab59dd44fd946d666762f7ea50~mv2.jpg"",""alt"":"""",""src"":""wix:image://v1/313291_6f873aab59dd44fd946d666762f7ea50~mv2.jpg/familie2.jpg#originWidth=274&originHeight=325"",""title"":""familie2.jpg"",""type"":""image"",""settings"":{""width"":274,""height"":325,""focalPoint"":[0.5,0.5]}}]",,"/adoptii-virtuale-caini/","/adoptii-virtuale-caini/familie-speriosi","84e38656-4d60-4538-8862-4929d4e5d75a",2024-05-07T19:37:19Z,2024-05-07T19:39:48Z,"31329177-7717-416d-a193-71cad58cf27c"
"Berna","1,5 ani","Medie","Femela","Timida","Deparazitata","Berna este o catelusa in varsta de 1,5 ani, foarte sperioasa, nu are deloc incredere in oameni si nu se lasa mangaiata, ca atare este neadoptabila si va trai toata viata in adapost, O puteti sustine printr-o donatie in conturile de mai jos. Va multumim!","wix:image://v1/313291_d4afb80164f14b93b950b3ff676413b5~mv2.jpg/berna1.jpg#originWidth=462&originHeight=653","[{""description"":"""",""slug"":""313291_d4afb80164f14b93b950b3ff676413b5~mv2.jpg"",""alt"":"""",""src"":""wix:image://v1/313291_d4afb80164f14b93b950b3ff676413b5~mv2.jpg/berna1.jpg#originWidth=462&originHeight=653"",""title"":""berna1.jpg"",""type"":""image"",""settings"":{""width"":462,""height"":653,""focalPoint"":[0.5,0.5]}},{""description"":"""",""slug"":""313291_0fe0ccd159474233bb1214f231e5e4ed~mv2.jpg"",""alt"":"""",""src"":""wix:image://v1/313291_0fe0ccd159474233bb1214f231e5e4ed~mv2.jpg/berna2.jpg#originWidth=462&originHeight=544"",""title"":""berna2.jpg"",""type"":""image"",""settings"":{""width"":462,""height"":544,""focalPoint"":[0.5,0.5]}}]",,"/adoptii-virtuale-caini/","/adoptii-virtuale-caini/berna","98e25d73-c187-4859-a1ff-3bd6d376fe9b",2024-04-05T21:53:34Z,2024-04-05T21:54:54Z,"31329177-7717-416d-a193-71cad58cf27c"
"Shiva","6 ani","Medie","Femela","Timida si sperioasa","Vaccinata si sterilizata","Unii catei nu sar in bratele omului, nu se bucura de mangaieri pentru ca sunt timizi si speriosi.

Este si cazul Shivei. Teama pe care o are fata de oameni o transforma intr-o catelusa neadaptabila si pe cale de consecinta, neadoptabila intr-un camin.

O puteti totusi ajuta printr-o adoptie la distanta, oferindu-i astfel tot ce are nevoie in adapost.","wix:image://v1/313291_18542ddcac3a4375a1bfd9980dcff2ca~mv2.jpeg/shiva_1.jpeg#originWidth=540&originHeight=544","[{""description"":"""",""slug"":""313291_18542ddcac3a4375a1bfd9980dcff2ca~mv2.jpeg"",""alt"":"""",""src"":""wix:image://v1/313291_18542ddcac3a4375a1bfd9980dcff2ca~mv2.jpeg/shiva_1.jpeg#originWidth=540&originHeight=544"",""title"":""shiva_1.jpeg"",""type"":""image"",""settings"":{""width"":540,""height"":544,""focalPoint"":[0.5,0.5]}}]",,"/adoptii-virtuale-caini/","/adoptii-virtuale-caini/shiva","e5ea1478-4b75-464f-aeb9-60a14292a581",2024-03-07T15:00:05Z,2024-03-07T15:00:06Z,"31329177-7717-416d-a193-71cad58cf27c"
"Hector","10 ani","Medie","Mascul","Timid si afectuos","Vaccinat si sterilizat","Hector este un catel senior pe care il avem in grija de 7 ani, a fost capturat de hingheri si salvat de noi sj de atunci e in grija noastra. Cateii seniori au nevoie de suplimente pt articulatii. Daca doriti sa il sustineti pe Hector, o puteti face printr-o donatie in conturile de mai jos","wix:image://v1/313291_9b7eebc964dd4a5c94494347685640a4~mv2.webp/hector1.webp#originWidth=804&originHeight=738","[{""description"":"""",""slug"":""313291_9b7eebc964dd4a5c94494347685640a4~mv2.webp"",""alt"":"""",""src"":""wix:image://v1/313291_9b7eebc964dd4a5c94494347685640a4~mv2.webp/hector1.webp#originWidth=804&originHeight=738"",""title"":""hector1.webp"",""type"":""image"",""settings"":{""width"":804,""height"":738,""focalPoint"":[0.5,0.5]}}]",,"/adoptii-virtuale-caini/","/adoptii-virtuale-caini/hector","eec27723-34fd-4fee-9c15-502b94c09ba8",2024-04-05T21:46:26Z,2024-04-05T21:47:33Z,"31329177-7717-416d-a193-71cad58cf27c"
