"Nume","Varsta","ordre","Colorit","Sex","Comportament","Vaccin","Descriere","Imagine principala","Alte imagini","Vidéo","Adoptii pisici (List)","Adoptii pisici (Item)","ID","Created Date","Updated Date","Owner","Vidéo"
"Spotty","8/2021",23,"Alb cu negru","Mascul","Afectuos","Vaccinat, castrat","Spotty – motanul inventiv cu inima plină de iubire

Spotty nu este un motan obișnuit – este o combinație rară de inteligență, curiozitate și afecțiune. El își caută omul pe măsura lui, cineva care să aprecieze atât mintea lui ageră, cât și sufletul lui blând.

Curiozitatea lui l-a transformat într-un mic „inginer” al casei: știe să apese pe clanță ca să deschidă uși și să exploreze fiecare colțișor. Este inventiv și se descurcă de minune să își creeze singur jucării din orice obiect – de la un simplu dop de sticlă la un elastic de păr sau dopul de la chiuvetă.

Dar dincolo de istețime, Spotty este unul dintre cei mai iubitori motanei. Îi place să vină în brațele tale, să toarcă încetișor, să frământe cu lăbuțele și să se lase răsfățat, întinzându-se de plăcere.

Este echilibrat, prietenos cu alte pisici și nu are tendințe dominante – se înțelege cu toată lumea.
Deparazitat, vaccinat și castrat, Spotty este pregătit să își găsească familia care să îl iubească pentru tot ceea ce este: un companion inteligent, tandru și mereu gata de joacă. ❤️

🐾 Condiții de adopție:
– adopție doar în București
– apartament
– balcon închis
– plase de protecție solide la geamuri, montate înainte ca Spotty să ajungă acasă","wix:image://v1/23c494_871d31b93abb4216a151a1d6505e29d3~mv2.jpg/spotty.jpg#originWidth=683&originHeight=768",,,"/adoptii-pisici/","/adoptii-pisici/spotty","0a8263de-100f-4e41-92cc-ec9a1e0f16c6",2024-04-04T22:11:02Z,2026-05-05T22:23:47Z,"31329177-7717-416d-a193-71cad58cf27c","wix:video://v1/23c494_baa0a05fb6a344a19889f520b15ee8bb/spotty.mp4#posterUri=23c494_baa0a05fb6a344a19889f520b15ee8bbf000.jpg&posterWidth=682&posterHeight=768"
"Oranjeade","7/2020",5,"Portocaliu","Femela","Calma si afectuoasa","Vaccinata si sterilizata","🌸 Sora lui Lemonade este o pisicuță foarte calmă, liniștită și extrem de afectuoasă, genul de prezență care aduce pace într-o casă. Cu privirea ei dulce și postura relaxată, pare că știe mereu când ai nevoie de o mângâiere… sau de un moment de liniște.

Este o pisică iubitoare și apropiată de oameni, care se atașează sincer și caută contactul uman fără a fi invazivă. Îi place să stea aproape, să primească mângâieri și să ofere, la rândul ei, toată afecțiunea ei calmă și constantă.

Preferă confortul, rutinele blânde și colțișoarele liniștite, unde poate dormi liniștită sau observa lumea în tihnă. Este companionul ideal pentru cineva care își dorește o pisică echilibrată, tandră și profund atașată, o adevărată sufletistă.

💛 Ea nu cere mult — doar un cămin sigur și o inimă deschisă. În schimb, oferă iubire sinceră și o liniște care se simte.
🐾 Condiții de adopție:
– adopție doar în București
– apartament
– balcon închis
– plase de protecție solide la geamuri, montate înainte ca Oranjeade să ajungă acasă","wix:image://v1/23c494_06002c0e67cc4244bbbfc4fa2fc22dda~mv2.jpg/oranjeade%205%20ani.jpg#originWidth=2048&originHeight=1970","[{""description"":"""",""fileName"":""oranjeade 5 ani.jpg"",""slug"":""23c494_06002c0e67cc4244bbbfc4fa2fc22dda~mv2.jpg"",""alt"":"""",""src"":""wix:image://v1/23c494_06002c0e67cc4244bbbfc4fa2fc22dda~mv2.jpg/oranjeade%25205%2520ani.jpg#originWidth=2048&originHeight=1970"",""title"":""oranjeade 5 ani.jpg"",""type"":""image"",""settings"":{""focalPoint"":[0.5,0.5],""height"":1970,""width"":2048}}]",,"/adoptii-pisici/","/adoptii-pisici/oranjeade","1341257d-70d9-43f9-b0aa-33b40c6a1404",2026-02-08T12:25:26Z,2026-05-05T22:23:02Z,"23c49494-5a15-4979-b6f5-22839a07d7fc","wix:video://v1/23c494_c6aecf314d13477090e0be704c70b9a9/oranjeade.mp4#posterUri=23c494_c6aecf314d13477090e0be704c70b9a9f000.jpg&posterWidth=2048&posterHeight=1970"
"Hachi","2/2023",10,"Gri","Mascul","Jucaus si afectuos","Vaccinat si castrat","Hachi – eroul cu blăniță care a învins boala și așteaptă o familie

Frumosul acesta este Hachi este un motănel cu o poveste impresionantă. La doar 6 luni, viața i-a pus în față o luptă grea: PIF (peritonita infecțioasă felină). Timp de 3 luni, a luptat curajos, iar noi am fost alături de el la fiecare pas. A învins boala, dar, din păcate, șansa la adopție s-a pierdut atunci… și nimeni nu a mai întrebat vreodată de el.

E trist să îți petreci toată viața într-un adăpost, când visul tău este să ai o casă și un om al tău. Mulți se tem de o posibilă recidivă, dar vrem să spunem clar: dacă acest lucru s-ar întâmpla vreodată, noi vom acoperi integral costurile tratamentului.

Hachi este un motănel echilibrat: nici prea agitat, nici prea liniștit. Iubește oamenii, adoră mângâierile, se joacă cu plăcere și este un prieten excelent pentru alte pisicuțe.

Are nevoie doar de cineva care să vadă dincolo de trecutul lui și să îi ofere șansa la o viață plină de iubire. Poate tu ești omul acela? ❤️

🐾 Condiții de adopție:
– adopție doar în București
– apartament
– balcon închis
– plase de protecție solide la geamuri, montate înainte ca Hachi să ajungă acasă
","wix:image://v1/23c494_502515fe90684b35a6e38e59f3581938~mv2.jpg/485356365_967704692230267_4311190758030402076_n.jpg#originWidth=2048&originHeight=1472","[{""description"":"""",""fileName"":""486052107_967706355563434_3589870385472839339_n.jpg"",""slug"":""23c494_b6ef1a3e5bf6462687d76678e69e30f1~mv2.jpg"",""alt"":"""",""src"":""wix:image://v1/23c494_b6ef1a3e5bf6462687d76678e69e30f1~mv2.jpg/486052107_967706355563434_3589870385472839339_n.jpg#originWidth=600&originHeight=450"",""title"":""486052107_967706355563434_3589870385472839339_n.jpg"",""type"":""image"",""settings"":{""focalPoint"":[0.5,0.5],""height"":450,""width"":600}},{""description"":"""",""fileName"":""485182208_967705885563481_6192138538007177467_n.jpg"",""slug"":""23c494_f297665fd2294387aced20371c112650~mv2.jpg"",""alt"":"""",""src"":""wix:image://v1/23c494_f297665fd2294387aced20371c112650~mv2.jpg/485182208_967705885563481_6192138538007177467_n.jpg#originWidth=2038&originHeight=2048"",""title"":""485182208_967705885563481_6192138538007177467_n.jpg"",""type"":""image"",""settings"":{""focalPoint"":[0.5,0.5],""height"":2048,""width"":2038}},{""description"":"""",""fileName"":""485356365_967704692230267_4311190758030402076_n.jpg"",""slug"":""23c494_502515fe90684b35a6e38e59f3581938~mv2.jpg"",""alt"":"""",""src"":""wix:image://v1/23c494_502515fe90684b35a6e38e59f3581938~mv2.jpg/485356365_967704692230267_4311190758030402076_n.jpg#originWidth=2048&originHeight=1472"",""title"":""485356365_967704692230267_4311190758030402076_n.jpg"",""type"":""image"",""settings"":{""focalPoint"":[0.5,0.5],""height"":1472,""width"":2048}},{""description"":"""",""fileName"":""485641590_967705478896855_6648300117982027297_n.jpg"",""slug"":""23c494_76986b401ce84210aece7105eb7534af~mv2.jpg"",""alt"":"""",""src"":""wix:image://v1/23c494_76986b401ce84210aece7105eb7534af~mv2.jpg/485641590_967705478896855_6648300117982027297_n.jpg#originWidth=1568&originHeight=2048"",""title"":""485641590_967705478896855_6648300117982027297_n.jpg"",""type"":""image"",""settings"":{""focalPoint"":[0.5,0.5],""height"":2048,""width"":1568}},{""description"":"""",""fileName"":""485934479_967708098896593_8424886627103247146_n.jpg"",""slug"":""23c494_42ce5345371c4a40a65f7334921016dc~mv2.jpg"",""alt"":"""",""src"":""wix:image://v1/23c494_42ce5345371c4a40a65f7334921016dc~mv2.jpg/485934479_967708098896593_8424886627103247146_n.jpg#originWidth=1536&originHeight=2048"",""title"":""485934479_967708098896593_8424886627103247146_n.jpg"",""type"":""image"",""settings"":{""focalPoint"":[0.5,0.5],""height"":2048,""width"":1536}}]",,"/adoptii-pisici/","/adoptii-pisici/hachi","135aa7f2-e7a6-4556-b84a-e04d1f262590",2025-08-12T18:01:57Z,2026-05-05T22:23:15Z,"23c49494-5a15-4979-b6f5-22839a07d7fc","wix:video://v1/23c494_b4ef69fef76d4659bc50f2c94b7c045c/hachi.mp4#posterUri=23c494_b4ef69fef76d4659bc50f2c94b7c045cf000.jpg&posterWidth=1610&posterHeight=1344"
"Minnie","9/2023",18,"Negru","Femela","Jucausa si afectuoasa","Vaccinata si sterilizata","Minnie – suflet blând în căutarea unei familii iubitoare

Minnie este o pisicuță delicată, cu un strop de timiditate la început. Dar odată ce îți câștigă încrederea, îți va arăta cât de mult îi place să fie mângâiată și alintată. Adoră momentele de joacă cu jucăriile ei și se înțelege de minune cu alte pisicuțe, fiind o companie plăcută pentru oricine iubește animăluțele.

Minnie e gata să își găsească locul într-o casă primitoare și sigură.

🐾 Condiții de adopție:
– adopție doar în București
– apartament
– balcon închis
– plase de protecție solide la geamuri, montate înainte ca Minnie să ajungă acasă","wix:image://v1/23c494_3a40e8bc77404f778c1ec5a8a994aca2~mv2.jpg/8198878b-7234-4774-97a3-a9570418e2de.jpg#originWidth=517&originHeight=600","[{""description"":"""",""fileName"":""minnie 2 ani si jum.jpg"",""slug"":""23c494_2dae99cc8fed4d1c893647c73e186838~mv2.jpg"",""alt"":"""",""src"":""wix:image://v1/23c494_2dae99cc8fed4d1c893647c73e186838~mv2.jpg/minnie%25202%2520ani%2520si%2520jum.jpg#originWidth=1052&originHeight=1478"",""title"":""minnie 2 ani si jum.jpg"",""type"":""image"",""settings"":{""focalPoint"":[0.5,0.5],""height"":1478,""width"":1052}},{""description"":"""",""fileName"":""8198878b-7234-4774-97a3-a9570418e2de.jpg"",""slug"":""23c494_3a40e8bc77404f778c1ec5a8a994aca2~mv2.jpg"",""alt"":"""",""src"":""wix:image://v1/23c494_3a40e8bc77404f778c1ec5a8a994aca2~mv2.jpg/8198878b-7234-4774-97a3-a9570418e2de.jpg#originWidth=517&originHeight=600"",""title"":""8198878b-7234-4774-97a3-a9570418e2de.jpg"",""type"":""image"",""settings"":{""focalPoint"":[0.5,0.5],""height"":600,""width"":517}},{""description"":"""",""fileName"":""minnie 2 - Modifié.jpg"",""slug"":""23c494_11c7a62835304130ad230f38dc88f1c2~mv2.jpg"",""alt"":"""",""src"":""wix:image://v1/23c494_11c7a62835304130ad230f38dc88f1c2~mv2.jpg/minnie%25202%2520-%2520Modifi%25C3%25A9.jpg#originWidth=1600&originHeight=1200"",""title"":""minnie 2 - Modifié.jpg"",""type"":""image"",""settings"":{""focalPoint"":[0.5,0.5],""height"":1200,""width"":1600}},{""description"":"""",""fileName"":""minnie 4 - Modifié.jpg"",""slug"":""23c494_bfd8aa42037b46c793a87abcb372eb53~mv2.jpg"",""alt"":"""",""src"":""wix:image://v1/23c494_bfd8aa42037b46c793a87abcb372eb53~mv2.jpg/minnie%25204%2520-%2520Modifi%25C3%25A9.jpg#originWidth=1052&originHeight=1478"",""title"":""minnie 4 - Modifié.jpg"",""type"":""image"",""settings"":{""focalPoint"":[0.5,0.5],""height"":1478,""width"":1052}},{""description"":"""",""fileName"":""minnie 3 - Modifié.jpg"",""slug"":""23c494_7c7acb61b6b44425af470574e5d51d1f~mv2.jpg"",""alt"":"""",""src"":""wix:image://v1/23c494_7c7acb61b6b44425af470574e5d51d1f~mv2.jpg/minnie%25203%2520-%2520Modifi%25C3%25A9.jpg#originWidth=1289&originHeight=1110"",""title"":""minnie 3 - Modifié.jpg"",""type"":""image"",""settings"":{""focalPoint"":[0.5,0.5],""height"":1110,""width"":1289}}]",,"/adoptii-pisici/","/adoptii-pisici/minnie","25f28d9d-8be4-4a49-832e-c02aadd5f7bd",2025-08-12T09:32:31Z,2026-05-05T22:23:32Z,"23c49494-5a15-4979-b6f5-22839a07d7fc","wix:video://v1/23c494_08f1240003954fae84e247736dc39b55/minnie.mp4#posterUri=23c494_08f1240003954fae84e247736dc39b55f000.jpg&posterWidth=1052&posterHeight=1478"
"Moustache","7/2023",6,"Alb cu negru","Mascul","Timid si cuminte","Vaccinat si castrat","Moustache – motănelul cu „semnătură” unică

Moustache poartă pe chip o pată neagră care pare pictată special, ca o semnătură unică – de aici și numele lui. Este un motan blând și un pic timid la început, dar cu răbdare și blândețe îți va arăta cât de afectuos poate fi.
Îi place să observe lumea dintr-un loc liniștit, iar atunci când simte că ești un om bun, își găsește curajul să vină mai aproape. Atunci începe adevărata magie: mângâieri, tors și priviri calde care îți topesc inima.
Moustache este deparazitat, vaccinat și castrat, pregătit să își găsească un cămin sigur, unde să fie iubit pentru ceea ce este – un suflet delicat, cu o frumusețe aparte.
Moustache va fi un prieten loial pentru totdeauna. ❤️

🐾 Condiții de adopție:
– adopție doar în București
– apartament
– balcon închis
– plase de protecție solide la geamuri, montate înainte ca Moustache să ajungă acasă","wix:image://v1/23c494_95f0ea40c5e64c03a7c0e55317e3c884~mv2.jpg/Moustache.jpg#originWidth=1600&originHeight=1581","[{""description"":"""",""fileName"":""WhatsApp Image 2025-08-13 à 19.47.16_8cfcf269.jpg"",""slug"":""23c494_07590c4403e54d568882a4054cb4bee5~mv2.jpg"",""alt"":"""",""src"":""wix:image://v1/23c494_07590c4403e54d568882a4054cb4bee5~mv2.jpg/WhatsApp%2520Image%25202025-08-13%2520%25C3%25A0%252019.47.16_8cfcf269.jpg#originWidth=1129&originHeight=1600"",""title"":""WhatsApp Image 2025-08-13 à 19.47.16_8cfcf269.jpg"",""type"":""image"",""settings"":{""focalPoint"":[0.5,0.5],""height"":1600,""width"":1129}},{""description"":"""",""fileName"":""Moustache.jpg"",""slug"":""23c494_95f0ea40c5e64c03a7c0e55317e3c884~mv2.jpg"",""alt"":"""",""src"":""wix:image://v1/23c494_95f0ea40c5e64c03a7c0e55317e3c884~mv2.jpg/Moustache.jpg#originWidth=1600&originHeight=1581"",""title"":""Moustache.jpg"",""type"":""image"",""settings"":{""focalPoint"":[0.5,0.5],""height"":1581,""width"":1600}},{""description"":"""",""fileName"":""WhatsApp Image 2025-08-13 à 19.47.40_0949550c.jpg"",""slug"":""23c494_19e13d1cac30402cb87d6f977d2bd2a8~mv2.jpg"",""alt"":"""",""src"":""wix:image://v1/23c494_19e13d1cac30402cb87d6f977d2bd2a8~mv2.jpg/WhatsApp%2520Image%25202025-08-13%2520%25C3%25A0%252019.47.40_0949550c.jpg#originWidth=1200&originHeight=1600"",""title"":""WhatsApp Image 2025-08-13 à 19.47.40_0949550c.jpg"",""type"":""image"",""settings"":{""focalPoint"":[0.5,0.5],""height"":1600,""width"":1200}},{""description"":"""",""fileName"":""WhatsApp Image 2025-08-13 à 19.47.52_02268696.jpg"",""slug"":""23c494_16cd0d0d80ea4f2bbc2f7d780a413595~mv2.jpg"",""alt"":"""",""src"":""wix:image://v1/23c494_16cd0d0d80ea4f2bbc2f7d780a413595~mv2.jpg/WhatsApp%2520Image%25202025-08-13%2520%25C3%25A0%252019.47.52_02268696.jpg#originWidth=1082&originHeight=1600"",""title"":""WhatsApp Image 2025-08-13 à 19.47.52_02268696.jpg"",""type"":""image"",""settings"":{""focalPoint"":[0.5,0.5],""height"":1600,""width"":1082}}]",,"/adoptii-pisici/","/adoptii-pisici/moustache","30297440-7e44-451c-92cf-d4826869b750",2025-08-14T09:19:18Z,2026-05-05T22:23:05Z,"23c49494-5a15-4979-b6f5-22839a07d7fc","wix:video://v1/23c494_6953d8c76d154e1c89234852eaf03c2c/moustache.mp4#posterUri=23c494_6953d8c76d154e1c89234852eaf03c2cf000.jpg&posterWidth=1446&posterHeight=2048"
"Noah","8/2023",7,"alb cu portocaliu","Mascul","Jucaus si afectuos","Vaccinat si castrat","Noah – frățiorul rămas în așteptare

Noah are un suflet blând, iar frumusețea lui cu pete portocalii și ochi verzi luminoși te cucerește din prima clipă. Este fratele Hannei, care și-a găsit deja familia visurilor ei, iar acum și el își așteaptă rândul.

Este un motănel afectuos, curios și jucăuș, care iubește compania oamenilor și se bucură de fiecare moment de atenție. Îi plac mângâierile, ședințele de joacă și, mai presus de toate, să știe că aparține cuiva.
Noah este deparazitat, vaccinat și castrat, pregătit să își părăsească adăpostul și să își găsească locul într-o casă plină de dragoste.
Poate că sora lui și-a găsit deja „acasă”, dar Noah încă speră că și pentru el există cineva care să-l iubească pentru totdeauna. Poate chiar tu ești acela. ❤️

🐾 Condiții de adopție:
– adopție doar în București
– apartament
– balcon închis
– plase de protecție solide la geamuri, montate înainte ca Noah să ajungă acasă","wix:image://v1/23c494_675c556529a449d697fe61c0b982bca7~mv2.jpg/WhatsApp%20Image%202025-08-13%20%C3%A0%2019.44.57_5bd9ba54.jpg#originWidth=1134&originHeight=1600","[{""description"":"""",""fileName"":""WhatsApp Image 2025-08-13 à 19.44.57_5bd9ba54.jpg"",""slug"":""23c494_675c556529a449d697fe61c0b982bca7~mv2.jpg"",""alt"":"""",""src"":""wix:image://v1/23c494_675c556529a449d697fe61c0b982bca7~mv2.jpg/WhatsApp%2520Image%25202025-08-13%2520%25C3%25A0%252019.44.57_5bd9ba54.jpg#originWidth=1134&originHeight=1600"",""title"":""WhatsApp Image 2025-08-13 à 19.44.57_5bd9ba54.jpg"",""type"":""image"",""settings"":{""focalPoint"":[0.5,0.5],""height"":1600,""width"":1134}},{""description"":"""",""fileName"":""WhatsApp Image 2025-08-13 à 19.45.07_05903062.jpg"",""slug"":""23c494_7879bbcf3d5b492d86217bf195c55bad~mv2.jpg"",""alt"":"""",""src"":""wix:image://v1/23c494_7879bbcf3d5b492d86217bf195c55bad~mv2.jpg/WhatsApp%2520Image%25202025-08-13%2520%25C3%25A0%252019.45.07_05903062.jpg#originWidth=699&originHeight=960"",""title"":""WhatsApp Image 2025-08-13 à 19.45.07_05903062.jpg"",""type"":""image"",""settings"":{""focalPoint"":[0.5,0.5],""height"":960,""width"":699}},{""description"":"""",""fileName"":""WhatsApp Image 2025-08-13 à 19.45.19_8ee50adf.jpg"",""slug"":""23c494_0544b30e474d43f48b2a4e0708772030~mv2.jpg"",""alt"":"""",""src"":""wix:image://v1/23c494_0544b30e474d43f48b2a4e0708772030~mv2.jpg/WhatsApp%2520Image%25202025-08-13%2520%25C3%25A0%252019.45.19_8ee50adf.jpg#originWidth=781&originHeight=960"",""title"":""WhatsApp Image 2025-08-13 à 19.45.19_8ee50adf.jpg"",""type"":""image"",""settings"":{""focalPoint"":[0.5,0.5],""height"":960,""width"":781}}]",,"/adoptii-pisici/","/adoptii-pisici/noah","3543b473-b89d-41f3-b68f-af6f11c3bdd1",2025-08-14T09:14:36Z,2026-05-05T22:23:07Z,"23c49494-5a15-4979-b6f5-22839a07d7fc","wix:video://v1/23c494_85cca071d771407dba9efde6019bff65/noah.mp4#posterUri=23c494_85cca071d771407dba9efde6019bff65f000.jpg&posterWidth=1452&posterHeight=2048"
"Javier","2/2023",14,"Alb cu gri","Mascul","Bland si afectuos","Vaccinat si castrat","Javier – ultimul din povestea celor 11 pui salvați

În urmă cu 3 ani si jumatate, am salvat 11 pui de pisică de pe câmpuri și de pe lângă blocuri, într-un singur weekend. Toți au fost adoptați, unul câte unul… mai puțin Javier. El a rămas singurul fără familie, iar asta ne doare enorm.

Javier este un motan blând, afectuos și obișnuit să trăiască alături de alte pisici. Pentru fericirea lui, căutăm o familie care are deja o pisicuță sau chiar două, astfel încât Javier să aibă un companion de joacă și de viață.

Este deparazitat, vaccinat și castrat, pregătit să își ia în sfârșit rămas bun de la adăpost și să își găsească locul într-o casă iubitoare.

Poate că Javier a așteptat mai mult decât ceilalți, dar știm că undeva există un om care îi va oferi, în sfârșit, „acasă”. Poate ești chiar tu. ❤️

🐾 Condiții de adopție:
– adopție doar în București
– apartament
– balcon închis
– plase de protecție solide la geamuri, montate înainte ca Javier să ajungă acasă","wix:image://v1/23c494_e9216e4e060c41d3961baf83b4550f0e~mv2.jpg/484819647_964932692507467_5685915460068371976_n.jpg#originWidth=906&originHeight=1080","[{""description"":"""",""fileName"":""484819647_964932692507467_5685915460068371976_n.jpg"",""slug"":""23c494_e9216e4e060c41d3961baf83b4550f0e~mv2.jpg"",""alt"":"""",""src"":""wix:image://v1/23c494_e9216e4e060c41d3961baf83b4550f0e~mv2.jpg/_.jpg#originWidth=906&originHeight=1080"",""title"":"""",""type"":""image"",""settings"":{""focalPoint"":[0.5,0.5],""height"":1080,""width"":906}},{""description"":"""",""fileName"":""484355773_964932892507447_4119337067291498501_n.jpg"",""slug"":""23c494_764127d3a3be4ca69630643a33721ece~mv2.jpg"",""alt"":"""",""src"":""wix:image://v1/23c494_764127d3a3be4ca69630643a33721ece~mv2.jpg/_.jpg#originWidth=1013&originHeight=1201"",""title"":"""",""type"":""image"",""settings"":{""focalPoint"":[0.5,0.5],""height"":1201,""width"":1013}},{""description"":"""",""fileName"":""484933575_964932695840800_2751868376157754930_n.jpg"",""slug"":""23c494_1b443337db7d4addb403d93b9a0fddf6~mv2.jpg"",""alt"":"""",""src"":""wix:image://v1/23c494_1b443337db7d4addb403d93b9a0fddf6~mv2.jpg/_.jpg#originWidth=1200&originHeight=1600"",""title"":"""",""type"":""image"",""settings"":{""focalPoint"":[0.5,0.5],""height"":1600,""width"":1200}}]",,"/adoptii-pisici/","/adoptii-pisici/javier","3ef70a3d-9f40-4bc1-a293-8c96e52d3b07",2024-04-04T22:06:34Z,2026-05-05T22:23:22Z,"31329177-7717-416d-a193-71cad58cf27c","wix:video://v1/23c494_e034008ee639441d9a0fd61976519114/javier.mp4#posterUri=23c494_e034008ee639441d9a0fd61976519114f000.jpg&posterWidth=906&posterHeight=1080"
"Tara","3/2021",25,"Gri","Femela","Calma si afectuoasa","Vaccinata si sterilizata","🌾 Tara este o pisicuță calmă, echilibrată și blândă, cu o prezență liniștitoare care se simte din prima clipă. Este genul de pisică ce preferă confortul, siguranța și rutina, și care știe să ofere afecțiune într-un mod discret, dar sincer.

Are un temperament așezat, îi place să stea comod, să observe lumea din jur și să fie aproape de oameni fără a fi insistentă. Tara este o companioană minunată pentru un cămin liniștit, unde va fi apreciată pentru sensibilitatea și bunătatea ei.

Este o pisică cuminte și afectuoasă, care creează o legătură frumoasă cu oamenii ei și aduce în casă o stare de pace și stabilitate. Cu Tara, fiecare zi devine un pic mai calmă și mai caldă 💚

🐾 Condiții de adopție:
– adopție doar în București
– apartament
– balcon închis
– plase de protecție solide la geamuri, montate înainte ca Tara să ajungă acasă","wix:image://v1/23c494_afdc865e7b324321a36dfc1d5c68a442~mv2.jpg/tara%205%20ani.jpg#originWidth=1742&originHeight=2048","[{""description"":"""",""fileName"":""tara 5 ani.jpg"",""slug"":""23c494_afdc865e7b324321a36dfc1d5c68a442~mv2.jpg"",""alt"":"""",""src"":""wix:image://v1/23c494_afdc865e7b324321a36dfc1d5c68a442~mv2.jpg/tara%25205%2520ani.jpg#originWidth=1742&originHeight=2048"",""title"":""tara 5 ani.jpg"",""type"":""image"",""settings"":{""focalPoint"":[0.5,0.5],""height"":2048,""width"":1742}}]",,"/adoptii-pisici/","/adoptii-pisici/tara","55606870-b663-4292-9d58-cb772db33a6c",2026-02-08T13:00:02Z,2026-05-05T22:23:52Z,"23c49494-5a15-4979-b6f5-22839a07d7fc","wix:video://v1/23c494_abc22ba5aa6f4110a6463fb53c644ec0/tara.mp4#posterUri=23c494_abc22ba5aa6f4110a6463fb53c644ec0f000.jpg&posterWidth=1742&posterHeight=2048"
"Amandine","7/2022",21,"Tricolor","Femela","Blanda si afectuoasa","Vaccinata si sterilizata","Amandine – frumusețe pictată în culorile toamnei

Știați că pisicuțele tortițe sunt printre cele mai rar alese pentru adopție? Din păcate, mulți oameni le trec cu vederea, spunând că blănița lor pare mereu „murdară” sau că nu sunt suficient de atrăgătoare. Dar adevărul este cu totul altul.

Eu le văd ca pe niște mici opere de artă – blănița lor poartă un amestec unic de culori, ca și cum un pictor și-ar fi pus toată măiestria pentru a le picta în nuanțele calde ale toamnei.

Amandine este una dintre aceste frumuseți rare. Sufletul ei blând așteaptă doar omul care va ști să o privească dincolo de aparențe.

Poate că nu a fost dorită până acum, dar noi știm că undeva există acea persoană specială care îi va oferi șansa la o viață plină de iubire. Poate ești chiar tu. ❤️

🐾 Condiții de adopție:
– adopție doar în București
– apartament
– balcon închis
– plase de protecție solide la geamuri, montate înainte ca Amandine să ajungă acasă","wix:image://v1/23c494_1a0164b03dd84600b0a604ea2dbadc66~mv2.jpg/amandine%203%20ani%20si%20jumatate.jpg#originWidth=1178&originHeight=2048","[{""description"":"""",""fileName"":""484833523_965247142476022_185818768971040698_n.jpg"",""slug"":""23c494_6d84ee4b9a124805b3586016ced8b996~mv2.jpg"",""alt"":"""",""src"":""wix:image://v1/23c494_6d84ee4b9a124805b3586016ced8b996~mv2.jpg/%250A.jpg#originWidth=1032&originHeight=1224"",""title"":""\n"",""type"":""image"",""settings"":{""focalPoint"":[0.5,0.5],""height"":1224,""width"":1032}},{""description"":"""",""fileName"":""484996542_965247165809353_3204391869793071154_n.jpg"",""slug"":""23c494_e37a569940b147ee8c9ce3360f722e21~mv2.jpg"",""alt"":"""",""src"":""wix:image://v1/23c494_e37a569940b147ee8c9ce3360f722e21~mv2.jpg/484996542_965247165809353_3204391869793071154_n.jpg#originWidth=1025&originHeight=1121"",""title"":""484996542_965247165809353_3204391869793071154_n.jpg"",""type"":""image"",""settings"":{""focalPoint"":[0.5,0.5],""height"":1121,""width"":1025}},{""description"":"""",""fileName"":""484618139_965247222476014_3564601256833301667_n.jpg"",""slug"":""23c494_7e15e799009e41b5b0822f8137e1b514~mv2.jpg"",""alt"":"""",""src"":""wix:image://v1/23c494_7e15e799009e41b5b0822f8137e1b514~mv2.jpg/484618139_965247222476014_3564601256833301667_n.jpg#originWidth=1235&originHeight=1158"",""title"":""484618139_965247222476014_3564601256833301667_n.jpg"",""type"":""image"",""settings"":{""focalPoint"":[0.5,0.5],""height"":1158,""width"":1235}},{""description"":"""",""fileName"":""484496550_965247115809358_5430570728090071223_n.jpg"",""slug"":""23c494_28e990c16f744383bcf1523dd6ec6f04~mv2.jpg"",""alt"":"""",""src"":""wix:image://v1/23c494_28e990c16f744383bcf1523dd6ec6f04~mv2.jpg/484496550_965247115809358_5430570728090071223_n.jpg#originWidth=478&originHeight=600"",""title"":""484496550_965247115809358_5430570728090071223_n.jpg"",""type"":""image"",""settings"":{""focalPoint"":[0.5,0.5],""height"":600,""width"":478}},{""description"":"""",""fileName"":""amandine 3 ani si jumatate.jpg"",""slug"":""23c494_1a0164b03dd84600b0a604ea2dbadc66~mv2.jpg"",""alt"":"""",""src"":""wix:image://v1/23c494_1a0164b03dd84600b0a604ea2dbadc66~mv2.jpg/amandine%25203%2520ani%2520si%2520jumatate.jpg#originWidth=1178&originHeight=2048"",""title"":""amandine 3 ani si jumatate.jpg"",""type"":""image"",""settings"":{""focalPoint"":[0.5,0.5],""height"":2048,""width"":1178}}]",,"/adoptii-pisici/","/adoptii-pisici/amandine","710acccb-12c2-4dc9-921e-0fc81fa6fb7b",2025-08-12T19:12:16Z,2026-05-01T18:38:15Z,"23c49494-5a15-4979-b6f5-22839a07d7fc","wix:video://v1/23c494_fc8dc84032e349d79dff9979c38ce4ee/amandine.mp4#posterUri=23c494_fc8dc84032e349d79dff9979c38ce4eef000.jpg&posterWidth=1178&posterHeight=2048"
"Auras","8/2022",1,"Alb cu gri","Mascul","Jucaus si afectuos","Vaccinat si castrat","Aurel Auras nu este un puiut, nu e fluffy, nu e un pisoi de rasa. Dupa standardele oamenilor care adopta, e un pisoi comun, cu toate ca eu il vad foarte frumos… bine, pentru noi, toti sunt frumosi. 
Dar ce e cu adevarat deosebit la Auras, este personalitatea lui: e iubitor, dragalas si cald cu oamenii si prietenos cu alte pisicute. E o minune de motan  care asteapta omul care sa-l ia acasa de cand era un puiut.
🐾 Condiții de adopție:
– adopție doar în București
– apartament
– balcon închis
– plase de protecție solide la geamuri, montate înainte ca Auras să ajungă acasă","wix:image://v1/23c494_0879dbcef11748b3a3a4328fc890f468~mv2.jpg/aurel1.jpg#originWidth=417&originHeight=598","[{""description"":"""",""fileName"":""aurel2.jpg"",""slug"":""23c494_eddf6c1eb4654407a0d148d6134f2d32~mv2.jpg"",""alt"":"""",""src"":""wix:image://v1/23c494_eddf6c1eb4654407a0d148d6134f2d32~mv2.jpg/aurel2.jpg#originWidth=1524&originHeight=2048"",""title"":""aurel2.jpg"",""type"":""image"",""settings"":{""focalPoint"":[0.5,0.5],""height"":2048,""width"":1524}},{""description"":"""",""fileName"":""aurel3.jpg"",""slug"":""23c494_fd3b05bc035d4e6eb1abf1e41771f8b1~mv2.jpg"",""alt"":"""",""src"":""wix:image://v1/23c494_fd3b05bc035d4e6eb1abf1e41771f8b1~mv2.jpg/aurel3.jpg#originWidth=1536&originHeight=2048"",""title"":""aurel3.jpg"",""type"":""image"",""settings"":{""focalPoint"":[0.5,0.5],""height"":2048,""width"":1536}},{""description"":"""",""fileName"":""aurel4.jpg"",""slug"":""23c494_94d0aa304d884bf4a78e7221c1f6a75c~mv2.jpg"",""alt"":"""",""src"":""wix:image://v1/23c494_94d0aa304d884bf4a78e7221c1f6a75c~mv2.jpg/aurel4.jpg#originWidth=1536&originHeight=2048"",""title"":""aurel4.jpg"",""type"":""image"",""settings"":{""focalPoint"":[0.5,0.5],""height"":2048,""width"":1536}},{""description"":"""",""fileName"":""aurel5.jpg"",""slug"":""23c494_28c2db26d9c843eeb144897d02bc53a2~mv2.jpg"",""alt"":"""",""src"":""wix:image://v1/23c494_28c2db26d9c843eeb144897d02bc53a2~mv2.jpg/aurel5.jpg#originWidth=1298&originHeight=2048"",""title"":""aurel5.jpg"",""type"":""image"",""settings"":{""focalPoint"":[0.5,0.5],""height"":2048,""width"":1298}}]",,"/adoptii-pisici/","/adoptii-pisici/auras","74ebaec8-36dc-4c79-af3a-bc48cf0bc2bc",2024-04-04T21:59:34Z,2026-09-24T19:02:15Z,"31329177-7717-416d-a193-71cad58cf27c","wix:video://v1/23c494_62083c1c0d8a437497202e5a355c9d34/auras.mp4#posterUri=23c494_62083c1c0d8a437497202e5a355c9d34f000.jpg&posterWidth=1490&posterHeight=2048"
"Serena","8/2023",16,"Alb cu negru","Femela","Afectuoasa","Vaccinata si sterilizata","✨ Serena este o pisicuță cu o prezență delicată și un aer aparte. Are un look alb-negru absolut fermecător, cu ochi mari și expresivi care parcă îți citesc sufletul dintr-o singură privire.

Este o pisică echilibrată, atentă și curioasă, genul care observă tot ce se întâmplă în jur înainte de a se implica, dar care știe să fie afectuoasă și apropiată atunci când capătă încredere. Serena apreciază liniștea, confortul și siguranța, dar nu refuză nici momentele de joacă sau explorare.

Este o companionă minunată pentru o familie care își dorește o pisică calmă, elegantă și sensibilă, care să aducă armonie și tandrețe în casă. Serena nu caută doar un acoperiș, ci un cămin adevărat, unde să fie iubită și respectată așa cum merită 🤍

🐾 Condiții de adopție:
– adopție doar în București
– apartament
– balcon închis
– plase de protecție solide la geamuri, montate înainte ca Serena să ajungă acasă","wix:image://v1/23c494_5ae2f1005e9045d7b410d415710773bb~mv2.jpg/anais%202,5%20ani.jpg#originWidth=1536&originHeight=2048","[{""description"":"""",""fileName"":""anais 2,5 ani.jpg"",""slug"":""23c494_5ae2f1005e9045d7b410d415710773bb~mv2.jpg"",""alt"":"""",""src"":""wix:image://v1/23c494_5ae2f1005e9045d7b410d415710773bb~mv2.jpg/anais%25202%252C5%2520ani.jpg#originWidth=1536&originHeight=2048"",""title"":""anais 2,5 ani.jpg"",""type"":""image"",""settings"":{""focalPoint"":[0.5,0.5],""height"":2048,""width"":1536}}]",,"/adoptii-pisici/","/adoptii-pisici/serena","76255367-25e2-4854-a429-46cbc770e936",2026-02-08T11:50:39Z,2026-05-05T22:23:26Z,"23c49494-5a15-4979-b6f5-22839a07d7fc","wix:video://v1/23c494_bc388bac0ff64073922fa00d745c40ff/serena.mp4#posterUri=23c494_bc388bac0ff64073922fa00d745c40fff000.jpg&posterWidth=1536&posterHeight=2048"
"Jynx","7/2023",15,"Alb cu gri","Mascul","Jucaus si afectuos","Vaccinat si castrat","Jynx este motănelul care a învățat foarte devreme că lumea se cucerește cu blândețe și curiozitate. Când se ridică pe lăbuțele din spate și te privește cu ochii lui mari și luminoși, parcă îți pune o întrebare simplă, dar profundă: „Ești tu omul meu?”

Cu boticul roz, mustățile lungi și blănița perfect desenată, Jynx pare un mic personaj dintr-o poveste spusă seara, înainte de culcare. Este jucăuș fără a fi năvalnic, afectuos fără a fi insistent și mereu atent la reacțiile celor din jur.

Îi plac locurile moi, sigure, unde poate observa lumea de sus, dar și momentele în care primește mângâieri liniștite. Jynx este genul de pisică ce îți aduce zâmbete mici, dar dese, acele clipe care fac o zi obișnuită să devină una bună.

El nu caută doar o casă, ci un refugiu, un loc unde să fie iubit, protejat și ales în fiecare zi. Dacă îi oferi inima ta, Jynx îți va oferi în schimb ceva rar: încredere pură și afecțiune sinceră 💫  
🐾 Condiții de adopție:
– adopție doar în București
– apartament
– balcon închis
– plase de protecție solide la geamuri, montate înainte ca Jynx să ajungă acasă","wix:image://v1/23c494_dd479eef7b3a47038ec05b122f5f847b~mv2.jpg/jynk%202,5%20ani.jpg#originWidth=1378&originHeight=2048","[{""description"":"""",""fileName"":""jynk 2,5 ani.jpg"",""slug"":""23c494_dd479eef7b3a47038ec05b122f5f847b~mv2.jpg"",""alt"":"""",""src"":""wix:image://v1/23c494_dd479eef7b3a47038ec05b122f5f847b~mv2.jpg/jynk%25202%252C5%2520ani.jpg#originWidth=1378&originHeight=2048"",""title"":""jynk 2,5 ani.jpg"",""type"":""image"",""settings"":{""focalPoint"":[0.5,0.5],""height"":2048,""width"":1378}}]",,"/adoptii-pisici/","/adoptii-pisici/jynx","82b11ba6-03b7-403a-83e4-11ce6e633b31",2026-02-08T12:13:51Z,2026-05-05T22:23:24Z,"23c49494-5a15-4979-b6f5-22839a07d7fc","wix:video://v1/23c494_138c37d5d96b4505a838ed9ccf0c28cc/jynx.mp4#posterUri=23c494_138c37d5d96b4505a838ed9ccf0c28ccf000.jpg&posterWidth=1378&posterHeight=2048"
"Madeleine","8/2023",11,"Alb cu portocaliu","Femela","Jucausa si afectuosa","Vaccinata si sterilizata","Madeleine – pisicuța cu propriile reguli și o inimă gata să iubească

Eu sunt Madeleine și sunt un pic mai… diferită. Am fost salvată de pe stradă când aveam doar 2 luni, bolnăvioară și cu șoldul dislocat. Nu îmi mai amintesc exact ce s-a întâmplat, dar știu că am trecut prin momente grele și am rămas cu o mică sensibilitate la picior.

De atunci, am și o personalitate aparte: îmi place să fiu mângâiată, dar numai cât vreau eu. Vin singură la tine pentru atenție și alint, însă dacă insiști prea mult, îți voi spune în felul meu că e suficient – cu o mică atingere de lăbuță. Nu mușc, nu zgârii, doar îți arăt că îmi place să am limitele mele respectate.

Deși nu sunt „pisicuța perfectă” pentru oricine, sunt convinsă că undeva există un om care mă va înțelege și mă va iubi așa cum sunt: blândă, curioasă și cu o inimă care, odată cucerită, îți va oferi loialitate pe viață.

Dacă ai răbdare, respect și un suflet mare, promiți că îmi vei lăsa șansa să-ți arăt cine sunt cu adevărat? ❤️

🐾 Condiții de adopție:
– adopție doar în București
– apartament
– balcon închis
– plase de protecție solide la geamuri, montate înainte ca Madeleine să ajungă acasă","wix:image://v1/23c494_953bd24edf874d15a94feb63fca5d046~mv2.jpg/488595584_978353241165412_3128759161530940336_n.jpg#originWidth=509&originHeight=565","[{""description"":"""",""fileName"":""488595584_978353241165412_3128759161530940336_n.jpg"",""slug"":""23c494_953bd24edf874d15a94feb63fca5d046~mv2.jpg"",""alt"":"""",""src"":""wix:image://v1/23c494_953bd24edf874d15a94feb63fca5d046~mv2.jpg/488595584_978353241165412_3128759161530940336_n.jpg#originWidth=509&originHeight=565"",""title"":""488595584_978353241165412_3128759161530940336_n.jpg"",""type"":""image"",""settings"":{""focalPoint"":[0.5,0.5],""height"":565,""width"":509}}]",,"/adoptii-pisici/","/adoptii-pisici/madeleine","83eb2e16-354e-4b91-bbf7-b10c780fef5b",2024-04-04T21:55:37Z,2026-05-05T22:23:16Z,"31329177-7717-416d-a193-71cad58cf27c","wix:video://v1/23c494_142c76397be74a70acfeb308a4cb55a7/madeleine.mp4#posterUri=23c494_142c76397be74a70acfeb308a4cb55a7f000.jpg&posterWidth=678&posterHeight=754"
"Mozart","3/2021",24,"Gri","Mascul","Jucaus si afectuos","Vaccinat si castrat","Mozart - compozitor felin de adoptat responsabil!

​Mozart este genul de pisică pe care nu ai cum să o ignori. Deși seamănă foarte mult fizic cu frățiorul lui, Bach, personalitatea lui este exact opusul: Mozart este plin de energie, curios până la ultimul colțișor al casei și mereu în mișcare. Coada lui, asemănătoare cu a unui raton, trădează perfect acest lucru – vârful ei este aproape permanent „în acțiune”, ca un mic metronom care nu se oprește niciodată 😊

Este un adevărat vorbăreț, comentator de serviciu și uneori chiar „pârâcios”, mai ales când consideră că ceva nu e în regulă… sau că a venit timpul pentru atenție.

Cu oamenii este extrem de afectuos: caută contactul, se lipește de tine și pornește imediat motorul de tors. Este genul de pisică prezentă, implicată, care îți va fi mereu prin preajmă. Cu alte pisicuțe se înțelege bine după ce le cunoaște și mai ales dacă îi seamănă ca energie și temperament.

Deși până acum nu a fost norocul de partea lui, știm sigur că undeva există omul potrivit care îl așteaptă exact așa cum este: intens, iubitor și plin de viață.
🐾 Condiții de adopție:
– adopție doar în București
– apartament
– balcon închis
– plase de protecție solide la geamuri, montate înainte ca Mozart să ajungă acasă","wix:image://v1/313291_a3664eaf283a4d60af492146599d9ec2~mv2.webp/mozart1.webp#originWidth=560&originHeight=738","[{""description"":"""",""slug"":""313291_a3664eaf283a4d60af492146599d9ec2~mv2.webp"",""alt"":"""",""src"":""wix:image://v1/313291_a3664eaf283a4d60af492146599d9ec2~mv2.webp/mozart1.webp#originWidth=560&originHeight=738"",""title"":""mozart1.webp"",""type"":""image"",""settings"":{""focalPoint"":[0.5,0.5],""height"":738,""width"":560}},{""description"":"""",""slug"":""313291_97ee36a218f54f04925542f41c9ad007~mv2.webp"",""alt"":"""",""src"":""wix:image://v1/313291_97ee36a218f54f04925542f41c9ad007~mv2.webp/mozart2.webp#originWidth=676&originHeight=738"",""title"":""mozart2.webp"",""type"":""image"",""settings"":{""focalPoint"":[0.5,0.5],""height"":738,""width"":676}},{""description"":"""",""slug"":""313291_b0fd4222295049f3ac3a6b1474c6ffa9~mv2.webp"",""alt"":"""",""src"":""wix:image://v1/313291_b0fd4222295049f3ac3a6b1474c6ffa9~mv2.webp/mozart3.webp#originWidth=554&originHeight=738"",""title"":""mozart3.webp"",""type"":""image"",""settings"":{""focalPoint"":[0.5,0.5],""height"":738,""width"":554}},{""description"":"""",""slug"":""313291_4918a45bdf954193b1596997b16768fb~mv2.webp"",""alt"":"""",""src"":""wix:image://v1/313291_4918a45bdf954193b1596997b16768fb~mv2.webp/mozart4.webp#originWidth=734&originHeight=738"",""title"":""mozart4.webp"",""type"":""image"",""settings"":{""focalPoint"":[0.5,0.5],""height"":738,""width"":734}},{""description"":"""",""slug"":""313291_2864801d832c4ae5b3b9e3f28cbd5f71~mv2.webp"",""alt"":"""",""src"":""wix:image://v1/313291_2864801d832c4ae5b3b9e3f28cbd5f71~mv2.webp/mozart5.webp#originWidth=641&originHeight=738"",""title"":""mozart5.webp"",""type"":""image"",""settings"":{""focalPoint"":[0.5,0.5],""height"":738,""width"":641}}]",,"/adoptii-pisici/","/adoptii-pisici/mozart","92648107-213d-4fe7-8558-144d13605e73",2024-04-04T22:32:26Z,2026-05-05T22:23:49Z,"31329177-7717-416d-a193-71cad58cf27c","wix:video://v1/23c494_4a89bc96680341cabc990e1f05560ec7/mozart.mp4#posterUri=23c494_4a89bc96680341cabc990e1f05560ec7f000.jpg&posterWidth=560&posterHeight=738"
"Melisa","8/2023",13,"Tricolora","Femela","Calma si afectuoasa","Vaccinata si sterilizata","🌷 Melisa este o pisicuță mai timidă, calmă și foarte liniștită, cu un suflet sensibil care are nevoie de timp și răbdare pentru a se deschide. Nu este genul care să vină prima să ceară atenție, dar atunci când capătă încredere, devine o prezență discretă și profund atașată.

Este o pisică blândă și echilibrată, care preferă mediile calme, vocile line și gesturile delicate. Îi place să observe de la distanță, să stea în locuri sigure și confortabile, iar apropierea ei este un mic dar, oferit celor care știu să aștepte.

Melisa este ideală pentru un cămin liniștit, cu oameni răbdători, care înțeleg că uneori cea mai frumoasă iubire este cea care se construiește încet. Odată câștigată, afecțiunea ei este sinceră și profundă 💚

🐾 Condiții de adopție:
– adopție doar în București
– apartament
– balcon închis
– plase de protecție solide la geamuri, montate înainte ca Melisa să ajungă acasă","wix:image://v1/23c494_e73eb3c442f74d24a31c56899e23d2dc~mv2.jpg/meilsa%202,5%20ani.jpg#originWidth=1145&originHeight=850","[{""description"":"""",""fileName"":""meilsa 2,5 ani.jpg"",""slug"":""23c494_e73eb3c442f74d24a31c56899e23d2dc~mv2.jpg"",""alt"":"""",""src"":""wix:image://v1/23c494_e73eb3c442f74d24a31c56899e23d2dc~mv2.jpg/meilsa%25202%252C5%2520ani.jpg#originWidth=1145&originHeight=850"",""title"":""meilsa 2,5 ani.jpg"",""type"":""image"",""settings"":{""focalPoint"":[0.5,0.5],""height"":850,""width"":1145}}]",,"/adoptii-pisici/","/adoptii-pisici/melisa","a1bcc49b-3e26-4f9c-8548-b099b69ecc8a",2026-02-08T12:42:03Z,2026-05-05T22:23:20Z,"23c49494-5a15-4979-b6f5-22839a07d7fc","wix:video://v1/23c494_6099319285aa4a9ca95ec8dd9e683ed3/melisa.mp4#posterUri=23c494_6099319285aa4a9ca95ec8dd9e683ed3f000.jpg&posterWidth=1144&posterHeight=850"
"Anais","8/2023",12,"Alb cu negru","Femela","Afectuoasa","Vaccinata si sterilizata","🌼 Anaïs este o pisicuță blândă, delicată și foarte drăgălașă, cu o privire care te caută parcă mereu pentru un strop de atenție. Este genul de pisică ce se atașează frumos de oameni și care știe să ofere afecțiune fără să fie insistentă.

Este cuminte, sociabilă și echilibrată, se apropie cu încredere, caută mângâierile și se bucură sincer de compania umană. Anaïs are un suflet cald și o prezență plăcută, fiind ideală pentru un cămin în care tandrețea și respectul sunt la loc de cinste.

Îi place să fie aproape, să observe ce se întâmplă în jur și să facă parte din viața de zi cu zi a familiei ei. Anaïs este o pisică ce aduce liniște, căldură și multă iubire într-o casă.

🐾 Condiții de adopție:
– adopție doar în București
– apartament
– balcon închis
– plase de protecție solide la geamuri, montate înainte ca Anais să ajungă acasă","wix:image://v1/23c494_f51a114b4de841b6a70ba87421ac58f7~mv2.jpg/anais.jpg#originWidth=1866&originHeight=2048","[{""description"":"""",""fileName"":""Anais.jpg"",""slug"":""23c494_cdb9c9b72c99441eac1b2b29a9ca8132~mv2.jpg"",""alt"":"""",""src"":""wix:image://v1/23c494_cdb9c9b72c99441eac1b2b29a9ca8132~mv2.jpg/Anais.jpg#originWidth=1326&originHeight=2048"",""title"":""Anais.jpg"",""type"":""image"",""settings"":{""focalPoint"":[0.5,0.5],""height"":2048,""width"":1326}}]",,"/adoptii-pisici/","/adoptii-pisici/anais","ab3e37f9-68dc-4155-b574-53348cdc2a2e",2026-02-08T13:23:33Z,2026-05-05T22:27:30Z,"23c49494-5a15-4979-b6f5-22839a07d7fc","wix:video://v1/23c494_26a1ef0ade1a4a098e014ac75daee24b/anais.mp4#posterUri=23c494_26a1ef0ade1a4a098e014ac75daee24bf000.jpg&posterWidth=1326&posterHeight=2048"
"Maya","8/2022",22,"Gri","Femela","Calma si afectuoasa","Vaccinata si sterilizata","🤍 Maya are o expresie atât de blândă, încât descrierea vine aproape singură. Iată una caldă și potrivită pentru ea:

🌿 Maya este o pisicuță bună, blândă și foarte drăgălașă, cu un suflet liniștit și o prezență care te face să te simți imediat în siguranță. Cu ochii ei mari și atenți, te privește cu o curiozitate calmă, parcă mereu gata să ofere afecțiune.

Este genul de pisică echilibrată și cuminte, care se apropie cu încredere, caută mângâierile și se bucură sincer de compania oamenilor. Maya nu este năvalnică, ci delicată și afectuoasă, perfectă pentru un cămin în care liniștea și tandrețea sunt apreciate.

Îi place să stea aproape, să observe lumea din jur și să fie parte din viața ta, fără să ceară mult — doar atenție, blândețe și iubire. Maya este companionul ideal pentru cineva care își dorește o pisică calmă, iubitoare și profund atașată.

💚 Maya nu e doar o pisică drăgălașă — e o inimă bună pe patru lăbuțe.

🐾 Condiții de adopție:
– adopție doar în București
– apartament
– balcon închis
– plase de protecție solide la geamuri, montate înainte ca Maya să ajungă acasă","wix:image://v1/23c494_ddf528d714474aecaa63666be977e7b7~mv2.jpg/maya%203,5%20ani.jpg#originWidth=1412&originHeight=2048","[{""description"":"""",""fileName"":""maya 3,5 ani.jpg"",""slug"":""23c494_ddf528d714474aecaa63666be977e7b7~mv2.jpg"",""alt"":"""",""src"":""wix:image://v1/23c494_ddf528d714474aecaa63666be977e7b7~mv2.jpg/maya%25203%252C5%2520ani.jpg#originWidth=1412&originHeight=2048"",""title"":""maya 3,5 ani.jpg"",""type"":""image"",""settings"":{""focalPoint"":[0.5,0.5],""height"":2048,""width"":1412}}]",,"/adoptii-pisici/","/adoptii-pisici/maya","b01daf99-3fe6-4a51-b942-451af28c280a",2026-02-08T12:38:13Z,2026-05-01T18:38:15Z,"23c49494-5a15-4979-b6f5-22839a07d7fc","wix:video://v1/23c494_50a478a1aa98457a944791cfbad9182b/maya.mp4#posterUri=23c494_50a478a1aa98457a944791cfbad9182bf000.jpg&posterWidth=1412&posterHeight=2048"
" Marzipan","8/2022",19,"Portocaliu cu alb","Mascul","Timid si afectuos","Vaccinat si castrat"," Marzipan – motănelul timid care se topește la mângâieri

Salut! Eu sunt Marzipan și îmi place să cred că sunt un motănel special. La început, când cineva nou se apropie de mine, prefer să păstrez distanța și să mă retrag într-un loc sigur – poate într-un coș moale sau într-un colț liniștit. Dar, dacă îmi dai puțin timp și blândețe, magia începe: simt mâna caldă pe blănița mea, mă relaxez, încep să mă unduiesc de bucurie și să torc în voie.

Și partea cea mai frumoasă? Odată ce încep să mă simt în siguranță, nu m-aș mai opri din alint și tors. Însă, dacă ne despărțim pentru câteva minute, tot voi relua ritualul de la început: un pic de timiditate, apoi bucuria revederii și mângâierile care îmi topesc inima.

Sunt blând, curios și visător. Nu am zgâriat, mușcat sau lovit niciodată pe nimeni. Tot ce îmi doresc este o familie răbdătoare, care să-mi ofere timp să mă deschid și să mă iubească pentru ceea ce sunt.

🐾 Condiții de adopție:
– adopție doar în București
– apartament
– balcon închis
– plase de protecție solide la geamuri, montate înainte ca Marzipan să ajungă acasă
","wix:image://v1/23c494_77608eb7003542369cb7d54bfcb10f63~mv2.jpg/489221922_981481900852546_6022686739023786235_n.jpg#originWidth=720&originHeight=540","[{""description"":"""",""fileName"":""marzipan 3,5 ani.jpg"",""slug"":""23c494_a75ed34f433542f4b27024ae45bda367~mv2.jpg"",""alt"":"""",""src"":""wix:image://v1/23c494_a75ed34f433542f4b27024ae45bda367~mv2.jpg/marzipan%25203%252C5%2520ani.jpg#originWidth=647&originHeight=859"",""title"":""marzipan 3,5 ani.jpg"",""type"":""image"",""settings"":{""focalPoint"":[0.5,0.5],""height"":859,""width"":647}},{""description"":"""",""fileName"":""489221922_981481900852546_6022686739023786235_n.jpg"",""slug"":""23c494_77608eb7003542369cb7d54bfcb10f63~mv2.jpg"",""alt"":"""",""src"":""wix:image://v1/23c494_77608eb7003542369cb7d54bfcb10f63~mv2.jpg/489221922_981481900852546_6022686739023786235_n.jpg#originWidth=720&originHeight=540"",""title"":""489221922_981481900852546_6022686739023786235_n.jpg"",""type"":""image"",""settings"":{""focalPoint"":[0.5,0.5],""height"":540,""width"":720}}]",,"/adoptii-pisici/","/adoptii-pisici/-marzipan","bfce8bb5-85fa-4b78-a216-dd8d4d758397",2025-08-12T17:56:07Z,2026-05-05T22:23:35Z,"23c49494-5a15-4979-b6f5-22839a07d7fc","wix:video://v1/23c494_78ab81a524db4551bbbcf353881ba95e/marzipan.mp4#posterUri=23c494_78ab81a524db4551bbbcf353881ba95ef000.jpg&posterWidth=646&posterHeight=858"
"Jerry","7/2023",9,"Alb cu negru","Mascul","Afectuos","Vaccinat si castrat","Jerry nu este genul de pisoi care se grăbește. El apare încet, cu pași moi, se așază frumos în fața ta și te privește drept în ochi, ca și cum ar vrea să-ți spună o poveste pe care doar tu o poți auzi.

Cu blănița lui alb-negru, perfect desenată parcă de un artist atent la detalii, și cu ochii mari, verzi, plini de întrebări și speranță, Jerry este un motănel care observă lumea înainte să o cucerească. Nu e gălăgios, nu cere atenție cu insistență — dar atunci când o primește, o prețuiește din tot sufletul.

Jerry iubește momentele simple: liniștea unei camere, o rază de soare pe podea, o privire blândă, o mână care mângâie fără grabă. Este genul de companion care îți stă alături în tăcere, dar care îți umple casa cu o prezență calmă și sigură.

El nu caută perfecțiunea. Caută un om. Un cămin unde să fie ales în fiecare zi, unde să fie iubit așa cum este: delicat, sensibil, loial.
Dacă îl lași, Jerry nu va fi doar pisica ta — va deveni o parte din povestea ta 🤍

🐾 Condiții de adopție:
– adopție doar în București
– apartament
– balcon închis
– plase de protecție solide la geamuri, montate înainte ca Jerry să ajungă acasă","wix:image://v1/23c494_976e9223f47e43ffb47fd395cd49bcc3~mv2.jpg/jerry%202,5%20ani.jpg#originWidth=1536&originHeight=2048","[{""description"":"""",""fileName"":""jerry 2,5 ani.jpg"",""slug"":""23c494_976e9223f47e43ffb47fd395cd49bcc3~mv2.jpg"",""alt"":"""",""src"":""wix:image://v1/23c494_976e9223f47e43ffb47fd395cd49bcc3~mv2.jpg/jerry%25202%252C5%2520ani.jpg#originWidth=1536&originHeight=2048"",""title"":""jerry 2,5 ani.jpg"",""type"":""image"",""settings"":{""focalPoint"":[0.5,0.5],""height"":2048,""width"":1536}}]",,"/adoptii-pisici/","/adoptii-pisici/jerry","c8569e0f-d21c-401d-8993-7b01a20f93b8",2026-02-08T12:06:37Z,2026-05-05T22:23:11Z,"23c49494-5a15-4979-b6f5-22839a07d7fc","wix:video://v1/23c494_9c4e39978f7047c0a08e0012c174bd0e/jerry.mp4#posterUri=23c494_9c4e39978f7047c0a08e0012c174bd0ef000.jpg&posterWidth=1536&posterHeight=2048"
"Magnolia","2/2020",2,"Alb cu bej","Femela","Delicata si afectuoasa","Vaccinata si sterilizata","Magnolia – frumusețea cu ochi ca cerul

Magnolia este o pisicuță delicată și grațioasă, cu ochi albaștri ca cerul senin și o blăniță moale, pictată în nuanțe blânde. Privirea ei îți ajunge direct la inimă, iar firea ei caldă te face să te îndrăgostești din prima clipă.

Este afectuoasă, liniștită și adoră momentele de răsfăț alături de omul ei. Magnolia știe să îți fie aproape cu discreție, să îți ofere tors blând și priviri care spun mai mult decât orice cuvinte.

Este deparazitată, vaccinată și sterilizată, pregătită să își găsească familia care o va iubi așa cum merită – pentru frumusețea ei unică și sufletul ei bun.

Dacă îți dorești un companion tandru și rafinat, Magnolia te așteaptă cu blândețe și speranță. ❤️

🐾 Condiții de adopție:
– adopție doar în București
– apartament
– balcon închis
– plase de protecție solide la geamuri, montate înainte ca Magnolia să ajungă acasă","wix:image://v1/23c494_2b53b307473744d8aba2c8a48f105de9~mv2.jpg/magnolia%205%20ani.jpg#originWidth=1310&originHeight=2048","[{""description"":"""",""fileName"":""magnolia 5 ani.jpg"",""slug"":""23c494_2b53b307473744d8aba2c8a48f105de9~mv2.jpg"",""alt"":"""",""src"":""wix:image://v1/23c494_2b53b307473744d8aba2c8a48f105de9~mv2.jpg/magnolia%25205%2520ani.jpg#originWidth=1310&originHeight=2048"",""title"":""magnolia 5 ani.jpg"",""type"":""image"",""settings"":{""focalPoint"":[0.5,0.5],""height"":2048,""width"":1310}},{""description"":"""",""fileName"":""Magnolia.jpg"",""slug"":""23c494_cd022db122bf4aeaa0ed193519612819~mv2.jpg"",""alt"":"""",""src"":""wix:image://v1/23c494_cd022db122bf4aeaa0ed193519612819~mv2.jpg/Magnolia.jpg#originWidth=1125&originHeight=1762"",""title"":""Magnolia.jpg"",""type"":""image"",""settings"":{""focalPoint"":[0.5,0.5],""height"":1762,""width"":1125}}]",,"/adoptii-pisici/","/adoptii-pisici/magnolia","cb5bd313-d4d8-4ca6-9789-43546cfceca1",2025-08-14T09:28:15Z,2026-05-01T18:40:05Z,"23c49494-5a15-4979-b6f5-22839a07d7fc","wix:video://v1/23c494_a6a3acf781ac4b7c826b120728f769fb/magnolia.mp4#posterUri=23c494_a6a3acf781ac4b7c826b120728f769fbf000.jpg&posterWidth=1310&posterHeight=2048"
"Mura","2/2025",3,"Negru","Femela","Afectuoasa","Vaccinata si sterilizata","🖤 Mura este o pisicuță jucăușă, plină de energie și foarte curioasă, genul de companion care transformă orice obiect într-o jucărie și orice moment într-o mică aventură. Cu ochii ei mari și luminoși, mereu atenți la ce se întâmplă în jur, Mura aduce viață și dinamism în casă.

Este activă, isteață și adoră joaca, fie că este vorba de mingi, șnururi sau alergături prin casă. În același timp, știe să fie afectuoasă și să se bucure de momentele de apropiere, mai ales după ce își consumă energia.

Mura este ideală pentru o familie care își dorește o pisică veselă, implicată și jucăușă, care să aducă multă bucurie și interacțiune în viața de zi cu zi.

🐾 Condiții de adopție:
– adopție doar în București
– apartament
– balcon închis
– plase de protecție solide la geamuri, montate înainte ca Mura să ajungă acasă","wix:image://v1/23c494_91ae870b3a3e457cb5aed436ab9758d0~mv2.jpg/mura%201%20an_edited.jpg#originWidth=1231&originHeight=1191","[{""description"":"""",""fileName"":""mura 1 an_edited.jpg"",""slug"":""23c494_91ae870b3a3e457cb5aed436ab9758d0~mv2.jpg"",""alt"":"""",""src"":""wix:image://v1/23c494_91ae870b3a3e457cb5aed436ab9758d0~mv2.jpg/mura%25201%2520an_edited.jpg#originWidth=1231&originHeight=1191"",""title"":""mura 1 an_edited.jpg"",""type"":""image"",""settings"":{""focalPoint"":[0.5,0.5],""height"":1191,""width"":1231}}]",,"/adoptii-pisici/","/adoptii-pisici/mura","deb9dd3d-570a-4d28-a385-340a645cf99f",2026-02-08T12:54:10Z,2026-05-01T18:40:07Z,"23c49494-5a15-4979-b6f5-22839a07d7fc","wix:video://v1/23c494_815c701cd06f4181905d1224c502a294/mura.mp4#posterUri=23c494_815c701cd06f4181905d1224c502a294f000.jpg&posterWidth=1230&posterHeight=1190"
"Bach","3/2021",26,"Gri","Mascul","Jucaus si afectuos","Vaccinat si castrat","O minune de motan cauta familie adoptiva de exceptie.

​Bach este genul de motănel care impresionează din prima prin eleganță și calm. Este foarte frumos, atletic, înalt și agil, dar nu folosește aceste calități pentru alergături sau agitație. Dimpotrivă, Bach preferă înălțimea și liniștea: îi place să se cocoțe pe un dulap sau pe un centru de joacă, de unde poate observa lumea în ritmul lui.

Este o pisică foarte liniștită și calmă, care se mișcă agale, fără grabă. Nu este vorbăreț, nu cere atenție insistent, totul la el se întâmplă într-un tempo lent și echilibrat. Iubește mângâierile și alintul, dar le primește cu discreție, fără a fi invaziv.

Se joacă singur, în felul lui delicat, și își poate face jucărie din cele mai simple lucruri: o hârtie mototolită, o ață sau o bobiță. Bach se bucură de micile plăceri ale vieții, fără exces.

Ar fi un companion ideal pentru o pisicuță la fel de liniștită, deoarece nu îi place agitația. Se va juca, dar într-un ritm calm, domol — un adevărat „tempo ardelean”, așa cum îi șade bine 😊

Bach este un motănel de excepție, care își caută oameni responsabili, răbdători și iubitori autentici de pisici. Cu el, casa va deveni un loc mai liniștit, mai echilibrat și mai cald 🐾💛

🐾 Condiții de adopție:
– adopție doar în București
– apartament
– balcon închis
– plase de protecție solide la geamuri, montate înainte ca Magnolia să ajungă acasă","wix:image://v1/313291_104e364a1dd04fbcaf00706a79c2fc23~mv2.webp/bach1.webp#originWidth=682&originHeight=738","[{""description"":"""",""slug"":""313291_104e364a1dd04fbcaf00706a79c2fc23~mv2.webp"",""alt"":"""",""src"":""wix:image://v1/313291_104e364a1dd04fbcaf00706a79c2fc23~mv2.webp/bach1.webp#originWidth=682&originHeight=738"",""title"":""bach1.webp"",""type"":""image"",""settings"":{""focalPoint"":[0.5,0.5],""height"":738,""width"":682}},{""description"":"""",""slug"":""313291_b845e1e2a6d3436b862d1478a57c6176~mv2.webp"",""alt"":"""",""src"":""wix:image://v1/313291_b845e1e2a6d3436b862d1478a57c6176~mv2.webp/bach2.webp#originWidth=513&originHeight=738"",""title"":""bach2.webp"",""type"":""image"",""settings"":{""focalPoint"":[0.5,0.5],""height"":738,""width"":513}},{""description"":"""",""slug"":""313291_d1f3149c5b0e4948a5b0345af7126c89~mv2.webp"",""alt"":"""",""src"":""wix:image://v1/313291_d1f3149c5b0e4948a5b0345af7126c89~mv2.webp/bach3.webp#originWidth=524&originHeight=738"",""title"":""bach3.webp"",""type"":""image"",""settings"":{""focalPoint"":[0.5,0.5],""height"":738,""width"":524}},{""description"":"""",""slug"":""313291_8805557764894502a3ba148b52cee48d~mv2.webp"",""alt"":"""",""src"":""wix:image://v1/313291_8805557764894502a3ba148b52cee48d~mv2.webp/bach4.webp#originWidth=768&originHeight=738"",""title"":""bach4.webp"",""type"":""image"",""settings"":{""focalPoint"":[0.5,0.5],""height"":738,""width"":768}},{""description"":"""",""slug"":""313291_2251fe12a21c4a45b635b089089171dc~mv2.webp"",""alt"":"""",""src"":""wix:image://v1/313291_2251fe12a21c4a45b635b089089171dc~mv2.webp/bach5.webp#originWidth=554&originHeight=738"",""title"":""bach5.webp"",""type"":""image"",""settings"":{""focalPoint"":[0.5,0.5],""height"":738,""width"":554}}]",,"/adoptii-pisici/","/adoptii-pisici/bach","e37207d9-2a07-4cea-8d42-49eed0931a93",2024-04-04T22:34:09Z,2026-05-05T22:23:55Z,"31329177-7717-416d-a193-71cad58cf27c","wix:video://v1/23c494_5493ed12fb074eb68890ed45f7f27642/bach.mp4#posterUri=23c494_5493ed12fb074eb68890ed45f7f27642f000.jpg&posterWidth=682&posterHeight=738"
"Lemonade","7/2020",29,"Portocaliu","Femela","Jucausa si afectuoasa","Vaccinata si sterilizata","✨ Lemonade este o pisicuță jucăușă, activă și plină de energie bună, un mic soare cu blăniță portocalie care îți luminează casa din prima clipă. Cu ochii ei mari și aurii, mereu curioși, pare că descoperă lumea în fiecare zi ca și cum ar fi prima.

Este genul de pisică ce iubește mișcarea, joaca și interacțiunea, dar știe și să se bucure de momentele de liniște după ce și-a consumat energia. Aleargă, explorează, se cațără, apoi vine liniștită să stea aproape de tine, ca și cum ar spune: „Gata, acum e timpul pentru mângâieri.”

Lemonade are o personalitate veselă și deschisă, se adaptează ușor și aduce cu ea voie bună, dinamism și afecțiune sinceră. Este companionul ideal pentru o familie care își dorește o pisică activă, sociabilă și plină de viață, care transformă fiecare zi într-una mai frumoasă.

🍊 Lemonade nu este doar o pisică — este un strop de bucurie zilnică.
🐾 Condiții de adopție:
– adopție doar în București
– apartament
– balcon închis
– plase de protecție solide la geamuri, montate înainte ca Lemonade să ajungă acasă","wix:image://v1/23c494_37e2e33ee5af440db55866bcca338646~mv2.jpg/lemonade%205%20ani.jpg#originWidth=1269&originHeight=1600","[{""description"":"""",""fileName"":""lemonade 5 ani.jpg"",""slug"":""23c494_37e2e33ee5af440db55866bcca338646~mv2.jpg"",""alt"":"""",""src"":""wix:image://v1/23c494_37e2e33ee5af440db55866bcca338646~mv2.jpg/lemonade%25205%2520ani.jpg#originWidth=1269&originHeight=1600"",""title"":""lemonade 5 ani.jpg"",""type"":""image"",""settings"":{""focalPoint"":[0.5,0.5],""height"":1600,""width"":1269}}]",,"/adoptii-pisici/","/adoptii-pisici/lemonade","e4bbc381-71b5-4338-b452-3182e282597e",2026-02-08T12:24:37Z,2026-05-01T18:38:15Z,"23c49494-5a15-4979-b6f5-22839a07d7fc","wix:video://v1/23c494_4f31f2d5df6d46259c6d336e6a2808ad/lemonade.mp4#posterUri=23c494_4f31f2d5df6d46259c6d336e6a2808adf000.jpg&posterWidth=1268&posterHeight=1600"
"Merry","8/2023",8,"Alb","Femela","Prietenoasa si iubitoare","Vaccinata si sterilizata","💔 Merry s-a întors la noi… dar nu pentru că nu a fost iubitoare. Dimpotrivă.

Adopția ei a durat doar o săptămână, însă viața ne-a arătat că nu acolo era familia ei. În tot acest timp am descoperit o pisicuță mult mai prietenoasă, mai blândă și mai afectuoasă decât o știam. Merry s-a adaptat rapid, a oferit iubire din plin și a arătat cât de mult își dorește să aparțină cuiva.

Acum îi căutăm familia potrivită, cea definitivă. Un cămin cald, cu oameni responsabili și răbdători, care să o iubească așa cum merită. Ideal ar fi să mai aibă o pisicuță ca și companie, pentru că Merry adoră atât oamenii, cât și alte pisici, alături de care abia așteaptă să se joace și să împartă momente frumoase 🐾
🐾 Condiții de adopție:
– adopție doar în București
– apartament
– balcon închis
– plase de protecție solide la geamuri, montate înainte ca Merry să ajungă acasă","wix:image://v1/23c494_147c2aa532804a06b836c74ad2b92792~mv2.jpg/merry%202%20ani%20si%20jumatate.jpg#originWidth=1394&originHeight=2048","[{""description"":"""",""fileName"":""merry 2 ani si jumatate.jpg"",""slug"":""23c494_147c2aa532804a06b836c74ad2b92792~mv2.jpg"",""alt"":"""",""src"":""wix:image://v1/23c494_147c2aa532804a06b836c74ad2b92792~mv2.jpg/merry%25202%2520ani%2520si%2520jumatate.jpg#originWidth=1394&originHeight=2048"",""title"":""merry 2 ani si jumatate.jpg"",""type"":""image"",""settings"":{""focalPoint"":[0.5,0.5],""height"":2048,""width"":1394}},{""description"":"""",""fileName"":""merry 1.jpg"",""slug"":""23c494_4bb0b83c767349d3b24adcd099d6bbd8~mv2.jpg"",""alt"":"""",""src"":""wix:image://v1/23c494_4bb0b83c767349d3b24adcd099d6bbd8~mv2.jpg/merry%25201.jpg#originWidth=1536&originHeight=2048"",""title"":""merry 1.jpg"",""type"":""image"",""settings"":{""focalPoint"":[0.5,0.5],""height"":2048,""width"":1536}},{""description"":"""",""fileName"":""merry 3.jpg"",""slug"":""23c494_ed38b894eaea407da46381f9626c1446~mv2.jpg"",""alt"":"""",""src"":""wix:image://v1/23c494_ed38b894eaea407da46381f9626c1446~mv2.jpg/merry%25203.jpg#originWidth=1536&originHeight=2048"",""title"":""merry 3.jpg"",""type"":""image"",""settings"":{""focalPoint"":[0.5,0.5],""height"":2048,""width"":1536}},{""description"":"""",""fileName"":""merry 2.jpg"",""slug"":""23c494_31ef45e6ec354992a9eb58c2175fd980~mv2.jpg"",""alt"":"""",""src"":""wix:image://v1/23c494_31ef45e6ec354992a9eb58c2175fd980~mv2.jpg/merry%25202.jpg#originWidth=1440&originHeight=2048"",""title"":""merry 2.jpg"",""type"":""image"",""settings"":{""focalPoint"":[0.5,0.5],""height"":2048,""width"":1440}},{""description"":"""",""fileName"":""merry 4.jpg"",""slug"":""23c494_37824dfe3c704ac9ba0b219487f3586d~mv2.jpg"",""alt"":"""",""src"":""wix:image://v1/23c494_37824dfe3c704ac9ba0b219487f3586d~mv2.jpg/merry%25204.jpg#originWidth=1536&originHeight=2048"",""title"":""merry 4.jpg"",""type"":""image"",""settings"":{""focalPoint"":[0.5,0.5],""height"":2048,""width"":1536}},{""description"":"""",""fileName"":""merry 5.jpg"",""slug"":""23c494_1ceaf57453b44a13a0abb03017b4809e~mv2.jpg"",""alt"":"""",""src"":""wix:image://v1/23c494_1ceaf57453b44a13a0abb03017b4809e~mv2.jpg/merry%25205.jpg#originWidth=1730&originHeight=2048"",""title"":""merry 5.jpg"",""type"":""image"",""settings"":{""focalPoint"":[0.5,0.5],""height"":2048,""width"":1730}},{""description"":"""",""fileName"":""merry 6.jpg"",""slug"":""23c494_cd7b13a094c34ad1922c9344d1d1e299~mv2.jpg"",""alt"":"""",""src"":""wix:image://v1/23c494_cd7b13a094c34ad1922c9344d1d1e299~mv2.jpg/merry%25206.jpg#originWidth=720&originHeight=960"",""title"":""merry 6.jpg"",""type"":""image"",""settings"":{""focalPoint"":[0.5,0.5],""height"":960,""width"":720}},{""description"":"""",""fileName"":""merry 7.jpg"",""slug"":""23c494_21223127d9924db495e248a4997c579c~mv2.jpg"",""alt"":"""",""src"":""wix:image://v1/23c494_21223127d9924db495e248a4997c579c~mv2.jpg/merry%25207.jpg#originWidth=1536&originHeight=2048"",""title"":""merry 7.jpg"",""type"":""image"",""settings"":{""focalPoint"":[0.5,0.5],""height"":2048,""width"":1536}}]",,"/adoptii-pisici/","/adoptii-pisici/merry","f7e1bbe2-6cae-4674-9211-9cfa6ba5ad08",2025-08-12T17:45:00Z,2026-05-05T22:23:09Z,"23c49494-5a15-4979-b6f5-22839a07d7fc","wix:video://v1/23c494_9d420794482c4c039bf6e492ede604f8/merry.mp4#posterUri=23c494_9d420794482c4c039bf6e492ede604f8f000.jpg&posterWidth=1394&posterHeight=2048"
