"Nume","Varsta","ordre","Colorit","Sex","Comportament","Vaccin","Descriere","Imagine principala","Alte imagini","Video","Adoptii virtuale pisici (List)","Adoptii virtuale pisici (Item)","ID","Created Date","Updated Date","Owner"
"Moon","5 ani",3,"Alb cu negru","Femela","Jucausa ","Vaccinata","Moon - 6 luni, a fost gasita de cineva in mediul rural cand avea 6 saptamani si care ne-a solicitat ajutorul sa o preluam. Natura a adus-o pe lume fara vedere.

Moon poate fi adoptata virtual printr-o donatie in conturile de mai jos. Va multumim!","wix:image://v1/313291_9d7e80803b8343a08f2ba210f110fc7b~mv2.webp/moon1.webp#originWidth=554&originHeight=738","[{""description"":"""",""slug"":""313291_9d7e80803b8343a08f2ba210f110fc7b~mv2.webp"",""alt"":"""",""src"":""wix:image://v1/313291_9d7e80803b8343a08f2ba210f110fc7b~mv2.webp/moon1.webp#originWidth=554&originHeight=738"",""title"":""moon1.webp"",""type"":""image"",""settings"":{""width"":554,""height"":738,""focalPoint"":[0.5,0.5]}},{""description"":"""",""slug"":""313291_e1bc9bdf4b4943d688c877f0da46b0d1~mv2.webp"",""alt"":"""",""src"":""wix:image://v1/313291_e1bc9bdf4b4943d688c877f0da46b0d1~mv2.webp/moon2.webp#originWidth=554&originHeight=738"",""title"":""moon2.webp"",""type"":""image"",""settings"":{""width"":554,""height"":738,""focalPoint"":[0.5,0.5]}},{""description"":"""",""slug"":""313291_42c47a4c99f444fda98d52859a890100~mv2.webp"",""alt"":"""",""src"":""wix:image://v1/313291_42c47a4c99f444fda98d52859a890100~mv2.webp/moon3.webp#originWidth=984&originHeight=738"",""title"":""moon3.webp"",""type"":""image"",""settings"":{""width"":984,""height"":738,""focalPoint"":[0.5,0.5]}}]",,"/adoptii-virtuale-pisici/","/adoptii-virtuale-pisici/moon","0199be06-45d7-4b5d-b80a-b40f21bfd8ff",2024-03-07T14:52:55Z,2026-02-09T12:25:04Z,"31329177-7717-416d-a193-71cad58cf27c"
"Aldo","10 ani",12,"Alb cu portocaliu","Mascul","Jucaus si afectuos","Vaccinat si castrat","Motanelul Aldo a fost gasit cand avea 2-3 luni in strada. Este un baiat bun, bland, cald, jucaus, torcacios, dornic de afectiune, se intelege cu alte pisicute si apreciaza prezenta oamenilor in egala masura.","wix:image://v1/313291_befb90247f59438ab8b98329e2d5d1a2~mv2.webp/aldo1.webp#originWidth=500&originHeight=776","[{""description"":"""",""fileName"":""aldo1.webp"",""slug"":""313291_befb90247f59438ab8b98329e2d5d1a2~mv2.webp"",""alt"":"""",""src"":""wix:image://v1/313291_befb90247f59438ab8b98329e2d5d1a2~mv2.webp/aldo1.webp#originWidth=500&originHeight=776"",""title"":""aldo1.webp"",""type"":""image"",""settings"":{""width"":500,""height"":776,""focalPoint"":[0.5,0.5]}},{""description"":"""",""fileName"":""aldo2.webp"",""slug"":""313291_9753b8cd900645b989650e36222b4744~mv2.webp"",""alt"":"""",""src"":""wix:image://v1/313291_9753b8cd900645b989650e36222b4744~mv2.webp/aldo2.webp#originWidth=674&originHeight=776"",""title"":""aldo2.webp"",""type"":""image"",""settings"":{""width"":674,""height"":776,""focalPoint"":[0.5,0.5]}},{""description"":"""",""fileName"":""aldo3.webp"",""slug"":""313291_fa1d89843f51432784223d87b6dde72c~mv2.webp"",""alt"":"""",""src"":""wix:image://v1/313291_fa1d89843f51432784223d87b6dde72c~mv2.webp/aldo3.webp#originWidth=582&originHeight=776"",""title"":""aldo3.webp"",""type"":""image"",""settings"":{""width"":582,""height"":776,""focalPoint"":[0.5,0.5]}},{""description"":"""",""fileName"":""aldo4.webp"",""slug"":""313291_32078e5137ad4aac895433ee2c2480b9~mv2.webp"",""alt"":"""",""src"":""wix:image://v1/313291_32078e5137ad4aac895433ee2c2480b9~mv2.webp/aldo4.webp#originWidth=618&originHeight=776"",""title"":""aldo4.webp"",""type"":""image"",""settings"":{""width"":618,""height"":776,""focalPoint"":[0.5,0.5]}},{""description"":"""",""fileName"":""aldo5.webp"",""slug"":""313291_ced9c77deff24bd1a6cb97d8ac2e9a4a~mv2.webp"",""alt"":"""",""src"":""wix:image://v1/313291_ced9c77deff24bd1a6cb97d8ac2e9a4a~mv2.webp/aldo5.webp#originWidth=626&originHeight=776"",""title"":""aldo5.webp"",""type"":""image"",""settings"":{""width"":626,""height"":776,""focalPoint"":[0.5,0.5]}},{""description"":"""",""fileName"":""aldo6.webp"",""slug"":""313291_ef8ceba4a2564534a121e9d864c7d12d~mv2.webp"",""alt"":"""",""src"":""wix:image://v1/313291_ef8ceba4a2564534a121e9d864c7d12d~mv2.webp/aldo6.webp#originWidth=582&originHeight=776"",""title"":""aldo6.webp"",""type"":""image"",""settings"":{""width"":582,""height"":776,""focalPoint"":[0.5,0.5]}},{""description"":"""",""fileName"":""aldo7.webp"",""slug"":""313291_774f649188c54bc79f8ad96a53fb55fb~mv2.webp"",""alt"":"""",""src"":""wix:image://v1/313291_774f649188c54bc79f8ad96a53fb55fb~mv2.webp/aldo7.webp#originWidth=960&originHeight=720"",""title"":""aldo7.webp"",""type"":""image"",""settings"":{""width"":960,""height"":720,""focalPoint"":[0.5,0.5]}},{""description"":"""",""fileName"":""aldo8.webp"",""slug"":""313291_39564ce9938343fdb8e082a50c3b05a0~mv2.webp"",""alt"":"""",""src"":""wix:image://v1/313291_39564ce9938343fdb8e082a50c3b05a0~mv2.webp/aldo8.webp#originWidth=475&originHeight=776"",""title"":""aldo8.webp"",""type"":""image"",""settings"":{""width"":475,""height"":776,""focalPoint"":[0.5,0.5]}},{""description"":"""",""fileName"":""aldo9.webp"",""slug"":""313291_1f1c7981481241b8bc6a86e31f3d87f3~mv2.webp"",""alt"":"""",""src"":""wix:image://v1/313291_1f1c7981481241b8bc6a86e31f3d87f3~mv2.webp/aldo9.webp#originWidth=582&originHeight=776"",""title"":""aldo9.webp"",""type"":""image"",""settings"":{""width"":582,""height"":776,""focalPoint"":[0.5,0.5]}}]",,"/adoptii-virtuale-pisici/","/adoptii-virtuale-pisici/aldo","08d4a1d3-d38f-4a96-86ba-8fba0ad05ebc",2026-02-09T12:08:25Z,2026-02-09T12:27:42Z,"23c49494-5a15-4979-b6f5-22839a07d7fc"
"Daphne","10 ani",13,"Alb cu gri","Femela","Delicata si afectuoasa","Vaccinata si sterilizata","Diafana este o pisicuta gingasa, iubitoare si jucausa - tricolora noastra nu a furat inima nimanui.","wix:image://v1/313291_5c2ae310442c4a94973e9dc34f479d77~mv2.webp/daphne1.webp#originWidth=480&originHeight=738","[{""description"":"""",""fileName"":""daphne1.webp"",""slug"":""313291_5c2ae310442c4a94973e9dc34f479d77~mv2.webp"",""alt"":"""",""src"":""wix:image://v1/313291_5c2ae310442c4a94973e9dc34f479d77~mv2.webp/daphne1.webp#originWidth=480&originHeight=738"",""title"":""daphne1.webp"",""type"":""image"",""settings"":{""width"":480,""height"":738,""focalPoint"":[0.5,0.5]}},{""description"":"""",""fileName"":""daphne10.webp"",""slug"":""313291_e944999c474644c8be38d669a9337c54~mv2.webp"",""alt"":"""",""src"":""wix:image://v1/313291_e944999c474644c8be38d669a9337c54~mv2.webp/daphne10.webp#originWidth=504&originHeight=738"",""title"":""daphne10.webp"",""type"":""image"",""settings"":{""width"":504,""height"":738,""focalPoint"":[0.5,0.5]}},{""description"":"""",""fileName"":""daphne11.webp"",""slug"":""313291_393363181e6848288de493449c9296a1~mv2.webp"",""alt"":"""",""src"":""wix:image://v1/313291_393363181e6848288de493449c9296a1~mv2.webp/daphne11.webp#originWidth=554&originHeight=738"",""title"":""daphne11.webp"",""type"":""image"",""settings"":{""width"":554,""height"":738,""focalPoint"":[0.5,0.5]}},{""description"":"""",""fileName"":""daphne12.webp"",""slug"":""313291_7551ef1a0b2d43e89f69d1ccbcdae259~mv2.webp"",""alt"":"""",""src"":""wix:image://v1/313291_7551ef1a0b2d43e89f69d1ccbcdae259~mv2.webp/daphne12.webp#originWidth=960&originHeight=720"",""title"":""daphne12.webp"",""type"":""image"",""settings"":{""width"":960,""height"":720,""focalPoint"":[0.5,0.5]}},{""description"":"""",""fileName"":""daphne2.webp"",""slug"":""313291_e9df9fc1fb2741fbbb03cc3accdd65d3~mv2.webp"",""alt"":"""",""src"":""wix:image://v1/313291_e9df9fc1fb2741fbbb03cc3accdd65d3~mv2.webp/daphne2.webp#originWidth=575&originHeight=738"",""title"":""daphne2.webp"",""type"":""image"",""settings"":{""width"":575,""height"":738,""focalPoint"":[0.5,0.5]}},{""description"":"""",""fileName"":""daphne3.webp"",""slug"":""313291_d0554075c38c4540a5a5503820e32630~mv2.webp"",""alt"":"""",""src"":""wix:image://v1/313291_d0554075c38c4540a5a5503820e32630~mv2.webp/daphne3.webp#originWidth=541&originHeight=738"",""title"":""daphne3.webp"",""type"":""image"",""settings"":{""width"":541,""height"":738,""focalPoint"":[0.5,0.5]}},{""description"":"""",""fileName"":""daphne4.webp"",""slug"":""313291_189696ce8fe24260b509aaa3a97de42b~mv2.webp"",""alt"":"""",""src"":""wix:image://v1/313291_189696ce8fe24260b509aaa3a97de42b~mv2.webp/daphne4.webp#originWidth=535&originHeight=738"",""title"":""daphne4.webp"",""type"":""image"",""settings"":{""width"":535,""height"":738,""focalPoint"":[0.5,0.5]}},{""description"":"""",""fileName"":""daphne5.webp"",""slug"":""313291_814ce3779b064c97953bf8a5628e36d5~mv2.webp"",""alt"":"""",""src"":""wix:image://v1/313291_814ce3779b064c97953bf8a5628e36d5~mv2.webp/daphne5.webp#originWidth=960&originHeight=725"",""title"":""daphne5.webp"",""type"":""image"",""settings"":{""width"":960,""height"":725,""focalPoint"":[0.5,0.5]}},{""description"":"""",""fileName"":""daphne6.webp"",""slug"":""313291_01a86af0fd594ab88679f68801106507~mv2.webp"",""alt"":"""",""src"":""wix:image://v1/313291_01a86af0fd594ab88679f68801106507~mv2.webp/daphne6.webp#originWidth=554&originHeight=738"",""title"":""daphne6.webp"",""type"":""image"",""settings"":{""width"":554,""height"":738,""focalPoint"":[0.5,0.5]}},{""description"":"""",""fileName"":""daphne7.webp"",""slug"":""313291_b710a1a41a1f43979342eb5f2d7a1686~mv2.webp"",""alt"":"""",""src"":""wix:image://v1/313291_b710a1a41a1f43979342eb5f2d7a1686~mv2.webp/daphne7.webp#originWidth=960&originHeight=720"",""title"":""daphne7.webp"",""type"":""image"",""settings"":{""width"":960,""height"":720,""focalPoint"":[0.5,0.5]}},{""description"":"""",""fileName"":""daphne8.webp"",""slug"":""313291_26a66b58ce32414287437a2fe1754128~mv2.webp"",""alt"":"""",""src"":""wix:image://v1/313291_26a66b58ce32414287437a2fe1754128~mv2.webp/daphne8.webp#originWidth=654&originHeight=738"",""title"":""daphne8.webp"",""type"":""image"",""settings"":{""width"":654,""height"":738,""focalPoint"":[0.5,0.5]}},{""description"":"""",""fileName"":""daphne9.webp"",""slug"":""313291_4e3749faf89c4a3dbbef8f5a551aeb83~mv2.webp"",""alt"":"""",""src"":""wix:image://v1/313291_4e3749faf89c4a3dbbef8f5a551aeb83~mv2.webp/daphne9.webp#originWidth=629&originHeight=738"",""title"":""daphne9.webp"",""type"":""image"",""settings"":{""width"":629,""height"":738,""focalPoint"":[0.5,0.5]}}]",,"/adoptii-virtuale-pisici/","/adoptii-virtuale-pisici/daphne","2655cb88-7d36-422c-8ae4-db50ef72ff71",2026-02-09T12:06:05Z,2026-02-09T12:27:44Z,"23c49494-5a15-4979-b6f5-22839a07d7fc"
"Figaro","10 ani",14,"Negru cu alb","Mascul","Jucaus si afectuos","Vaccinat si castrat","Figaro este un motanel minunat, lipicios, torcacios, jucaus, cu o blanita pufoasa si deasa, cu o personalitate incredibila ... este tipul de motanel echilibrat si inteligent, vine la ""apel cand este strigat"" chiar daca este in alta camera:). Din pacate, in urma unei boli pe care a avut-o cand era mai mic (noi l-am salvat cand avea 3-4 saptamani), a ramas cu mici sechele la un ochi, lucru care se pare ca deranjeaza pe cei care il vad si care ar fi interesati sa il adopte.
","wix:image://v1/313291_45a39c6401d94cc6ae16e647f2094c06~mv2.webp/figaro1.webp#originWidth=626&originHeight=738","[{""description"":"""",""fileName"":""figaro15.webp"",""slug"":""313291_6556743595744e68a69b8c1aee560fb7~mv2.webp"",""alt"":"""",""src"":""wix:image://v1/313291_6556743595744e68a69b8c1aee560fb7~mv2.webp/figaro15.webp#originWidth=554&originHeight=738"",""title"":""figaro15.webp"",""type"":""image"",""settings"":{""width"":554,""height"":738,""focalPoint"":[0.5,0.5]}},{""description"":"""",""fileName"":""figaro16.webp"",""slug"":""313291_bd220bf5cd484d68acd24bfbcdd98a0f~mv2.webp"",""alt"":"""",""src"":""wix:image://v1/313291_bd220bf5cd484d68acd24bfbcdd98a0f~mv2.webp/figaro16.webp#originWidth=899&originHeight=738"",""title"":""figaro16.webp"",""type"":""image"",""settings"":{""width"":899,""height"":738,""focalPoint"":[0.5,0.5]}},{""description"":"""",""fileName"":""figaro14.webp"",""slug"":""313291_2c3164677798475788ef86f50c87d9af~mv2.webp"",""alt"":"""",""src"":""wix:image://v1/313291_2c3164677798475788ef86f50c87d9af~mv2.webp/figaro14.webp#originWidth=960&originHeight=588"",""title"":""figaro14.webp"",""type"":""image"",""settings"":{""width"":960,""height"":588,""focalPoint"":[0.5,0.5]}},{""description"":"""",""fileName"":""figaro13.webp"",""slug"":""313291_0e749988f5d745f08458f796303024f6~mv2.webp"",""alt"":"""",""src"":""wix:image://v1/313291_0e749988f5d745f08458f796303024f6~mv2.webp/figaro13.webp#originWidth=960&originHeight=720"",""title"":""figaro13.webp"",""type"":""image"",""settings"":{""width"":960,""height"":720,""focalPoint"":[0.5,0.5]}},{""description"":"""",""fileName"":""figaro10.webp"",""slug"":""313291_43ee71cd8aa44fa1aa0a080941442975~mv2.webp"",""alt"":"""",""src"":""wix:image://v1/313291_43ee71cd8aa44fa1aa0a080941442975~mv2.webp/figaro10.webp#originWidth=593&originHeight=738"",""title"":""figaro10.webp"",""type"":""image"",""settings"":{""width"":593,""height"":738,""focalPoint"":[0.5,0.5]}},{""description"":"""",""fileName"":""figaro12.webp"",""slug"":""313291_7dc221709b6646c1bfa0886829ce6b1d~mv2.webp"",""alt"":"""",""src"":""wix:image://v1/313291_7dc221709b6646c1bfa0886829ce6b1d~mv2.webp/figaro12.webp#originWidth=960&originHeight=720"",""title"":""figaro12.webp"",""type"":""image"",""settings"":{""width"":960,""height"":720,""focalPoint"":[0.5,0.5]}},{""description"":"""",""fileName"":""figaro1.webp"",""slug"":""313291_45a39c6401d94cc6ae16e647f2094c06~mv2.webp"",""alt"":"""",""src"":""wix:image://v1/313291_45a39c6401d94cc6ae16e647f2094c06~mv2.webp/figaro1.webp#originWidth=626&originHeight=738"",""title"":""figaro1.webp"",""type"":""image"",""settings"":{""width"":626,""height"":738,""focalPoint"":[0.5,0.5]}}]",,"/adoptii-virtuale-pisici/","/adoptii-virtuale-pisici/figaro","2cddeef4-ff52-4da0-9d58-f153f2ec7240",2026-02-09T12:13:40Z,2026-02-09T12:27:45Z,"23c49494-5a15-4979-b6f5-22839a07d7fc"
"Zapp","11 ani",22,"Gri cu negru","Mascul","Timid si sperios","Vaccinat si castrat","Zapp este un motanas f sperios. Desi il avem in grija de cand era un puiut de 3 luni, nu accepta mangaierea si apropierea de oameni. A suferit traume cand era al nimanui, in plus era si f bolnav si a suportat multe tratamente si injectii. A ramas un motanas sperios si neincrezator in oameni. Ca atare, Zapp nu poate fi adoptat real dar il puteti sustine pe Zapp printr-o donatie in conturile de mai jos. Va multumim!","wix:image://v1/313291_175f9fffe53d4b01994f312d63ab24eb~mv2.webp/zapp1.webp#originWidth=582&originHeight=776","[{""description"":"""",""slug"":""313291_175f9fffe53d4b01994f312d63ab24eb~mv2.webp"",""alt"":"""",""src"":""wix:image://v1/313291_175f9fffe53d4b01994f312d63ab24eb~mv2.webp/zapp1.webp#originWidth=582&originHeight=776"",""title"":""zapp1.webp"",""type"":""image"",""settings"":{""width"":582,""height"":776,""focalPoint"":[0.5,0.5]}},{""description"":"""",""slug"":""313291_eb1d24fb69d945c68ca126ded530a61e~mv2.webp"",""alt"":"""",""src"":""wix:image://v1/313291_eb1d24fb69d945c68ca126ded530a61e~mv2.webp/zapp2.webp#originWidth=520&originHeight=738"",""title"":""zapp2.webp"",""type"":""image"",""settings"":{""width"":520,""height"":738,""focalPoint"":[0.5,0.5]}},{""description"":"""",""slug"":""313291_eaafad441584446db8c96289224e8de3~mv2.webp"",""alt"":"""",""src"":""wix:image://v1/313291_eaafad441584446db8c96289224e8de3~mv2.webp/zapp3.webp#originWidth=554&originHeight=738"",""title"":""zapp3.webp"",""type"":""image"",""settings"":{""width"":554,""height"":738,""focalPoint"":[0.5,0.5]}},{""description"":"""",""slug"":""313291_e98538739c9341f8aa31ef71bc564ff2~mv2.webp"",""alt"":"""",""src"":""wix:image://v1/313291_e98538739c9341f8aa31ef71bc564ff2~mv2.webp/zapp4.webp#originWidth=713&originHeight=738"",""title"":""zapp4.webp"",""type"":""image"",""settings"":{""width"":713,""height"":738,""focalPoint"":[0.5,0.5]}},{""description"":"""",""slug"":""313291_b5cec4f9876347c1a34e44c3a55d5fde~mv2.webp"",""alt"":"""",""src"":""wix:image://v1/313291_b5cec4f9876347c1a34e44c3a55d5fde~mv2.webp/zapp5.webp#originWidth=503&originHeight=738"",""title"":""zapp5.webp"",""type"":""image"",""settings"":{""width"":503,""height"":738,""focalPoint"":[0.5,0.5]}},{""description"":"""",""slug"":""313291_4bd2a8a794bf4135af24b02bb0370b03~mv2.webp"",""alt"":"""",""src"":""wix:image://v1/313291_4bd2a8a794bf4135af24b02bb0370b03~mv2.webp/zapp6.webp#originWidth=960&originHeight=720"",""title"":""zapp6.webp"",""type"":""image"",""settings"":{""width"":960,""height"":720,""focalPoint"":[0.5,0.5]}},{""description"":"""",""slug"":""313291_13e8949ffed04222b8a9f22ae5f72d43~mv2.webp"",""alt"":"""",""src"":""wix:image://v1/313291_13e8949ffed04222b8a9f22ae5f72d43~mv2.webp/zapp7.webp#originWidth=483&originHeight=738"",""title"":""zapp7.webp"",""type"":""image"",""settings"":{""width"":483,""height"":738,""focalPoint"":[0.5,0.5]}},{""description"":"""",""slug"":""313291_b890f017b7ba4e46b0ebf15a03a6b632~mv2.webp"",""alt"":"""",""src"":""wix:image://v1/313291_b890f017b7ba4e46b0ebf15a03a6b632~mv2.webp/zapp8.webp#originWidth=632&originHeight=776"",""title"":""zapp8.webp"",""type"":""image"",""settings"":{""width"":632,""height"":776,""focalPoint"":[0.5,0.5]}}]",,"/adoptii-virtuale-pisici/","/adoptii-virtuale-pisici/zapp","30442cac-4ef0-4508-905c-58e1a1e4a89b",2024-04-05T21:18:17Z,2026-02-09T12:29:12Z,"31329177-7717-416d-a193-71cad58cf27c"
"Oreo","8 ani",11,"Negru cu alb","Mascul","Jucaus si afectuos","Vaccinat si castrat","Oreo este unul din cei mai iubitori motanasi care au fost salvati de noi din strada si ingrijiti pana la adoptie. Nu exageram cand spunem ca este un dulce si un scump, ""framanta cozonaci"" si toarce cu motorasele la turatie maxima, se lipeste de om si la propriu si la figurat, este jucaus si activ, dupa cum il vedeti filmulet. Se intelege si cu alte pisicute, in special cu fetitele asa ca daca aveti deja o pisicita, e cu atat mai bine.","wix:image://v1/313291_1fa2a3d65f7045c28cc2986843a419c1~mv2.webp/oreo3.webp#originWidth=481&originHeight=738","[{""description"":"""",""fileName"":""oreo3.webp"",""slug"":""313291_1fa2a3d65f7045c28cc2986843a419c1~mv2.webp"",""alt"":"""",""src"":""wix:image://v1/313291_1fa2a3d65f7045c28cc2986843a419c1~mv2.webp/oreo3.webp#originWidth=481&originHeight=738"",""title"":""oreo3.webp"",""type"":""image"",""settings"":{""width"":481,""height"":738,""focalPoint"":[0.5,0.5]}}]",,"/adoptii-virtuale-pisici/","/adoptii-virtuale-pisici/oreo","43923ef9-5c14-4fa0-81b3-98dc79a187b6",2026-02-09T11:56:30Z,2026-02-09T12:27:34Z,"23c49494-5a15-4979-b6f5-22839a07d7fc"
"Shary","8 ani",6,"Negru cu alb","Mascul","Timid si sperios","Vaccinat si castrat","Shary este un motanas foarte sperios. Desi il avem in grija de cand era un puiut de 3 luni, nu accepta mangaierea si apropierea de oameni. A suferit traume cand era al nimanui, in plus era si f bolnav si a suportat multe tratamente si injectii. A ramas un motanas sperios si neincrezator in oameni.

Ca atare, Shary nu poate fi adoptat real dar il puteti sustine pe Shary printr-o donatie in conturile de mai jos. Va multumim!","wix:image://v1/313291_d0b1af8abb684659bd2ce67a3760a213~mv2.webp/shary1.webp#originWidth=597&originHeight=776","[{""description"":"""",""slug"":""313291_d0b1af8abb684659bd2ce67a3760a213~mv2.webp"",""alt"":"""",""src"":""wix:image://v1/313291_d0b1af8abb684659bd2ce67a3760a213~mv2.webp/shary1.webp#originWidth=597&originHeight=776"",""title"":""shary1.webp"",""type"":""image"",""settings"":{""width"":597,""height"":776,""focalPoint"":[0.5,0.5]}},{""description"":"""",""slug"":""313291_ec7eff207ab44e7bb0e64bac1abbb88a~mv2.webp"",""alt"":"""",""src"":""wix:image://v1/313291_ec7eff207ab44e7bb0e64bac1abbb88a~mv2.webp/shary2.webp#originWidth=534&originHeight=776"",""title"":""shary2.webp"",""type"":""image"",""settings"":{""width"":534,""height"":776,""focalPoint"":[0.5,0.5]}},{""description"":"""",""slug"":""313291_9da084325e3b4edc83a7d89274004cd5~mv2.webp"",""alt"":"""",""src"":""wix:image://v1/313291_9da084325e3b4edc83a7d89274004cd5~mv2.webp/shary3.webp#originWidth=960&originHeight=655"",""title"":""shary3.webp"",""type"":""image"",""settings"":{""width"":960,""height"":655,""focalPoint"":[0.5,0.5]}},{""description"":"""",""slug"":""313291_2493b577139742eb800279fa4b7f182a~mv2.webp"",""alt"":"""",""src"":""wix:image://v1/313291_2493b577139742eb800279fa4b7f182a~mv2.webp/shary4.webp#originWidth=598&originHeight=776"",""title"":""shary4.webp"",""type"":""image"",""settings"":{""width"":598,""height"":776,""focalPoint"":[0.5,0.5]}},{""description"":"""",""slug"":""313291_7ce379f07e87438499c7598b5f29c345~mv2.webp"",""alt"":"""",""src"":""wix:image://v1/313291_7ce379f07e87438499c7598b5f29c345~mv2.webp/shary5.webp#originWidth=960&originHeight=681"",""title"":""shary5.webp"",""type"":""image"",""settings"":{""width"":960,""height"":681,""focalPoint"":[0.5,0.5]}},{""description"":"""",""slug"":""313291_4cfad0cf1c294cde8a396562fe070770~mv2.webp"",""alt"":"""",""src"":""wix:image://v1/313291_4cfad0cf1c294cde8a396562fe070770~mv2.webp/shary6.webp#originWidth=960&originHeight=752"",""title"":""shary6.webp"",""type"":""image"",""settings"":{""width"":960,""height"":752,""focalPoint"":[0.5,0.5]}},{""description"":"""",""slug"":""313291_5c93f590a53942bebd37c37bca18d6c7~mv2.webp"",""alt"":"""",""src"":""wix:image://v1/313291_5c93f590a53942bebd37c37bca18d6c7~mv2.webp/shary7.webp#originWidth=701&originHeight=776"",""title"":""shary7.webp"",""type"":""image"",""settings"":{""width"":701,""height"":776,""focalPoint"":[0.5,0.5]}}]",,"/adoptii-virtuale-pisici/","/adoptii-virtuale-pisici/shary","4aa43ac0-d8e6-48f4-8421-c1c7221f9c02",2024-04-05T21:16:14Z,2026-02-09T11:52:05Z,"31329177-7717-416d-a193-71cad58cf27c"
"Ally","8 ani",10,"Alb cu gri si bej","Femela","Timida","Vaccinata si sterilizata","La categoria “mare, grasa si frumoasa”, v-o prezentam pe Ally care este blanda si dornica de mangaieri.","wix:image://v1/313291_338c01fdfc4c4034abf75ca6de026228~mv2.webp/ally1.webp#originWidth=974&originHeight=738","[{""description"":"""",""fileName"":""ally1.webp"",""slug"":""313291_338c01fdfc4c4034abf75ca6de026228~mv2.webp"",""alt"":"""",""src"":""wix:image://v1/313291_338c01fdfc4c4034abf75ca6de026228~mv2.webp/ally1.webp#originWidth=974&originHeight=738"",""title"":""ally1.webp"",""type"":""image"",""settings"":{""width"":974,""height"":738,""focalPoint"":[0.5,0.5]}},{""description"":"""",""fileName"":""ally2.webp"",""slug"":""313291_e97e6d6322d7442daff6d70f6e310ad6~mv2.webp"",""alt"":"""",""src"":""wix:image://v1/313291_e97e6d6322d7442daff6d70f6e310ad6~mv2.webp/ally2.webp#originWidth=554&originHeight=738"",""title"":""ally2.webp"",""type"":""image"",""settings"":{""width"":554,""height"":738,""focalPoint"":[0.5,0.5]}},{""description"":"""",""fileName"":""ally3.webp"",""slug"":""313291_3ed59f53ade248b0aae4ffbe2e8ba32c~mv2.webp"",""alt"":"""",""src"":""wix:image://v1/313291_3ed59f53ade248b0aae4ffbe2e8ba32c~mv2.webp/ally3.webp#originWidth=554&originHeight=738"",""title"":""ally3.webp"",""type"":""image"",""settings"":{""width"":554,""height"":738,""focalPoint"":[0.5,0.5]}},{""description"":"""",""fileName"":""ally4.webp"",""slug"":""313291_59ec7a56e26b4d8ab60393394720fc89~mv2.webp"",""alt"":"""",""src"":""wix:image://v1/313291_59ec7a56e26b4d8ab60393394720fc89~mv2.webp/ally4.webp#originWidth=600&originHeight=720"",""title"":""ally4.webp"",""type"":""image"",""settings"":{""width"":600,""height"":720,""focalPoint"":[0.5,0.5]}}]",,"/adoptii-virtuale-pisici/","/adoptii-virtuale-pisici/ally","565aab37-91e3-48ea-9451-0102ca32058f",2026-02-09T11:50:57Z,2026-02-09T12:29:46Z,"23c49494-5a15-4979-b6f5-22839a07d7fc"
"Sunny","10 ani",15,"Alb cu portocaliu","Mascul","Jucaus si afectuos","Vaccinat si castrat","
Sunny
Varsta :

10 ani

Sex :

Mascul

Colorit :

Alb cu portocaliu

Comportament :

Calm si afectuos

Vaccin :

Vaccinat si castrat

Sunny este un motan bland, bun, calm, lipicios, torcacios si jucaus atunci cand are ocazia... Sunny este genul de ""motan Zen"", are o personalitate placuta, afectuoasa si echilibrata, ne cauta si are un fel minunat de a ne privi fix in ochi si de a comunica cu noi, in plus se intelege de minune cu alte pisici.



Sunny a fost gasit intr-o seara in fata unui magazin alimentar, miorlaia si cauta prezenta umana","wix:image://v1/313291_36cc94d96e1a49698fa4fa24b0220769~mv2.webp/sunny1.webp#originWidth=960&originHeight=720","[{""description"":"""",""fileName"":""sunny1.webp"",""slug"":""313291_36cc94d96e1a49698fa4fa24b0220769~mv2.webp"",""alt"":"""",""src"":""wix:image://v1/313291_36cc94d96e1a49698fa4fa24b0220769~mv2.webp/sunny1.webp#originWidth=960&originHeight=720"",""title"":""sunny1.webp"",""type"":""image"",""settings"":{""width"":960,""height"":720,""focalPoint"":[0.5,0.5]}},{""description"":"""",""fileName"":""sunny10.webp"",""slug"":""313291_56f586026a6a4fc0bb4ba6bb8da05172~mv2.webp"",""alt"":"""",""src"":""wix:image://v1/313291_56f586026a6a4fc0bb4ba6bb8da05172~mv2.webp/sunny10.webp#originWidth=554&originHeight=738"",""title"":""sunny10.webp"",""type"":""image"",""settings"":{""width"":554,""height"":738,""focalPoint"":[0.5,0.5]}},{""description"":"""",""fileName"":""sunny11.webp"",""slug"":""313291_3298c85dd0e24cadb5c5a498ad9ed56c~mv2.webp"",""alt"":"""",""src"":""wix:image://v1/313291_3298c85dd0e24cadb5c5a498ad9ed56c~mv2.webp/sunny11.webp#originWidth=960&originHeight=720"",""title"":""sunny11.webp"",""type"":""image"",""settings"":{""width"":960,""height"":720,""focalPoint"":[0.5,0.5]}},{""description"":"""",""fileName"":""sunny12.webp"",""slug"":""313291_89379713cdfb41268bdbdf1c7cac94de~mv2.webp"",""alt"":"""",""src"":""wix:image://v1/313291_89379713cdfb41268bdbdf1c7cac94de~mv2.webp/sunny12.webp#originWidth=960&originHeight=720"",""title"":""sunny12.webp"",""type"":""image"",""settings"":{""width"":960,""height"":720,""focalPoint"":[0.5,0.5]}},{""description"":"""",""fileName"":""sunny13.webp"",""slug"":""313291_9fb02098646a49a9ad21da3dc762b746~mv2.webp"",""alt"":"""",""src"":""wix:image://v1/313291_9fb02098646a49a9ad21da3dc762b746~mv2.webp/sunny13.webp#originWidth=842&originHeight=738"",""title"":""sunny13.webp"",""type"":""image"",""settings"":{""width"":842,""height"":738,""focalPoint"":[0.5,0.5]}},{""description"":"""",""fileName"":""sunny14.webp"",""slug"":""313291_397b62f1be4147b8ad88e212b46f9b8d~mv2.webp"",""alt"":"""",""src"":""wix:image://v1/313291_397b62f1be4147b8ad88e212b46f9b8d~mv2.webp/sunny14.webp#originWidth=796&originHeight=738"",""title"":""sunny14.webp"",""type"":""image"",""settings"":{""width"":796,""height"":738,""focalPoint"":[0.5,0.5]}},{""description"":"""",""fileName"":""sunny15.webp"",""slug"":""313291_88492d48601b4c2fb14b018e7f92e02d~mv2.webp"",""alt"":"""",""src"":""wix:image://v1/313291_88492d48601b4c2fb14b018e7f92e02d~mv2.webp/sunny15.webp#originWidth=960&originHeight=720"",""title"":""sunny15.webp"",""type"":""image"",""settings"":{""width"":960,""height"":720,""focalPoint"":[0.5,0.5]}},{""description"":"""",""fileName"":""sunny16.webp"",""slug"":""313291_9c4f4411704f4d2cb5347d4d1a802951~mv2.webp"",""alt"":"""",""src"":""wix:image://v1/313291_9c4f4411704f4d2cb5347d4d1a802951~mv2.webp/sunny16.webp#originWidth=960&originHeight=720"",""title"":""sunny16.webp"",""type"":""image"",""settings"":{""width"":960,""height"":720,""focalPoint"":[0.5,0.5]}},{""description"":"""",""fileName"":""sunny2.webp"",""slug"":""313291_3227ad6c101c41c5a905a172a8af577e~mv2.webp"",""alt"":"""",""src"":""wix:image://v1/313291_3227ad6c101c41c5a905a172a8af577e~mv2.webp/sunny2.webp#originWidth=960&originHeight=720"",""title"":""sunny2.webp"",""type"":""image"",""settings"":{""width"":960,""height"":720,""focalPoint"":[0.5,0.5]}},{""description"":"""",""fileName"":""sunny3.webp"",""slug"":""313291_77ef3ee9e8a4495b994585b89e7dcf1e~mv2.webp"",""alt"":"""",""src"":""wix:image://v1/313291_77ef3ee9e8a4495b994585b89e7dcf1e~mv2.webp/sunny3.webp#originWidth=554&originHeight=738"",""title"":""sunny3.webp"",""type"":""image"",""settings"":{""width"":554,""height"":738,""focalPoint"":[0.5,0.5]}},{""description"":"""",""fileName"":""sunny4.webp"",""slug"":""313291_5c7172a9942f4ef48b2174f03c2acc63~mv2.webp"",""alt"":"""",""src"":""wix:image://v1/313291_5c7172a9942f4ef48b2174f03c2acc63~mv2.webp/sunny4.webp#originWidth=960&originHeight=720"",""title"":""sunny4.webp"",""type"":""image"",""settings"":{""width"":960,""height"":720,""focalPoint"":[0.5,0.5]}},{""description"":"""",""fileName"":""sunny5.webp"",""slug"":""313291_4110b7c0dd414c5ba7ddf724e347a4cf~mv2.webp"",""alt"":"""",""src"":""wix:image://v1/313291_4110b7c0dd414c5ba7ddf724e347a4cf~mv2.webp/sunny5.webp#originWidth=633&originHeight=738"",""title"":""sunny5.webp"",""type"":""image"",""settings"":{""width"":633,""height"":738,""focalPoint"":[0.5,0.5]}},{""description"":"""",""fileName"":""sunny6.webp"",""slug"":""313291_727f236187f14356ae9b9c59b48ea0ac~mv2.webp"",""alt"":"""",""src"":""wix:image://v1/313291_727f236187f14356ae9b9c59b48ea0ac~mv2.webp/sunny6.webp#originWidth=587&originHeight=738"",""title"":""sunny6.webp"",""type"":""image"",""settings"":{""width"":587,""height"":738,""focalPoint"":[0.5,0.5]}},{""description"":"""",""fileName"":""sunny7.webp"",""slug"":""313291_09b69a742ae543e39e710b01781ed204~mv2.webp"",""alt"":"""",""src"":""wix:image://v1/313291_09b69a742ae543e39e710b01781ed204~mv2.webp/sunny7.webp#originWidth=554&originHeight=738"",""title"":""sunny7.webp"",""type"":""image"",""settings"":{""width"":554,""height"":738,""focalPoint"":[0.5,0.5]}},{""description"":"""",""fileName"":""sunny8.webp"",""slug"":""313291_be98a5783f2c4453a9907dfae03b78fa~mv2.webp"",""alt"":"""",""src"":""wix:image://v1/313291_be98a5783f2c4453a9907dfae03b78fa~mv2.webp/sunny8.webp#originWidth=960&originHeight=720"",""title"":""sunny8.webp"",""type"":""image"",""settings"":{""width"":960,""height"":720,""focalPoint"":[0.5,0.5]}},{""description"":"""",""fileName"":""sunny9.webp"",""slug"":""313291_c57cb5cfc2ad4ba2a3b50e4ec8e4d4a5~mv2.webp"",""alt"":"""",""src"":""wix:image://v1/313291_c57cb5cfc2ad4ba2a3b50e4ec8e4d4a5~mv2.webp/sunny9.webp#originWidth=960&originHeight=720"",""title"":""sunny9.webp"",""type"":""image"",""settings"":{""width"":960,""height"":720,""focalPoint"":[0.5,0.5]}}]",,"/adoptii-virtuale-pisici/","/adoptii-virtuale-pisici/sunny","5ff3d900-1e24-4755-a59e-f0cfada97dac",2026-02-09T12:10:13Z,2026-02-09T12:27:48Z,"23c49494-5a15-4979-b6f5-22839a07d7fc"
"Jasmine","11 ani",19,"Tricolora","Femela","Jucausa si afectuoasa","Vaccinata si sterilizata","Choco Jasmine - frumusete exotica invesmantata in culorile toamnei si cu o personalitate adorabila, e dulce, haioasa, inteligenta, jucausa, ii place sa se alinte, sa faca ""cozonacei"" si sa porneasca motorasele. Este inexplicabil cum o asemenea pisicuta nu a reusit sa capteze atentia unui om bun care sa-i ofere o casuta cu dragoste pt tot restul vietii ei.","wix:image://v1/313291_971492b2e86f4b55a07e959cadbbd4d7~mv2.webp/jasmine10.webp#originWidth=562&originHeight=738","[{""description"":"""",""fileName"":""jasmine10.webp"",""slug"":""313291_971492b2e86f4b55a07e959cadbbd4d7~mv2.webp"",""alt"":"""",""src"":""wix:image://v1/313291_971492b2e86f4b55a07e959cadbbd4d7~mv2.webp/jasmine10.webp#originWidth=562&originHeight=738"",""title"":""jasmine10.webp"",""type"":""image"",""settings"":{""width"":562,""height"":738,""focalPoint"":[0.5,0.5]}},{""description"":"""",""fileName"":""jasmine11.webp"",""slug"":""313291_3057171b2c9646a896831ca7484e1986~mv2.webp"",""alt"":"""",""src"":""wix:image://v1/313291_3057171b2c9646a896831ca7484e1986~mv2.webp/jasmine11.webp#originWidth=960&originHeight=720"",""title"":""jasmine11.webp"",""type"":""image"",""settings"":{""width"":960,""height"":720,""focalPoint"":[0.5,0.5]}},{""description"":"""",""fileName"":""jasmine12.webp"",""slug"":""313291_bc36ca19a0254129a5434eb4dd5168ed~mv2.webp"",""alt"":"""",""src"":""wix:image://v1/313291_bc36ca19a0254129a5434eb4dd5168ed~mv2.webp/jasmine12.webp#originWidth=960&originHeight=720"",""title"":""jasmine12.webp"",""type"":""image"",""settings"":{""width"":960,""height"":720,""focalPoint"":[0.5,0.5]}},{""description"":"""",""fileName"":""jasmine13.webp"",""slug"":""313291_a8df7e004e9845a9b207bc4b0186630f~mv2.webp"",""alt"":"""",""src"":""wix:image://v1/313291_a8df7e004e9845a9b207bc4b0186630f~mv2.webp/jasmine13.webp#originWidth=960&originHeight=632"",""title"":""jasmine13.webp"",""type"":""image"",""settings"":{""width"":960,""height"":632,""focalPoint"":[0.5,0.5]}}]",,"/adoptii-virtuale-pisici/","/adoptii-virtuale-pisici/jasmine","658aa94b-66bb-49d5-bbc8-972c4e0443b6",2026-02-09T12:03:36Z,2026-02-09T12:27:59Z,"23c49494-5a15-4979-b6f5-22839a07d7fc"
"Tiger","10 ani",17,"Alb cu gri","Mascul","Bland si afectuos","Vaccinat si castrat","Tiger – motanul cu alură de junglă și inimă de puf

Eu sunt Tiger, un „mini-tigru” în toată regula: impunător, lung, zvelt și cu mersul elegant al unei feline sălbatice. Dar să nu vă lăsați păcăliți de aparențe – sub această alură de junglă se ascunde un motan blând și un pic bleguleț, gata oricând de alint.

Așa mare cum sunt, mă topesc la mângâieri și mă fac mic-mic, mai ales când văd că alte pisicuțe primesc răsfăț. Mă lipesc de ele ca să prind și eu o porție bună de iubire, atât de la oameni, cât și de la prietenii mei felini.

Aștept de mult timp o familie, dar nu mi-am pierdut speranța. Știu că undeva există omul meu – cel care va vedea în mine nu doar motanul impunător, ci și sufletul tandru care își dorește să fie iubit. ❤️","wix:image://v1/313291_f3b9679a89ca4c6d9d5113bb94383c24~mv2.webp/tiger1.webp#originWidth=491&originHeight=738","[{""description"":"""",""fileName"":""tiger5.webp"",""slug"":""313291_2f7388c8ba6b4235abc1130c2e7756c3~mv2.webp"",""alt"":"""",""src"":""wix:image://v1/313291_2f7388c8ba6b4235abc1130c2e7756c3~mv2.webp/tiger5.webp#originWidth=580&originHeight=738"",""title"":""tiger5.webp"",""type"":""image"",""settings"":{""width"":580,""height"":738,""focalPoint"":[0.5,0.5]}},{""description"":"""",""fileName"":""tiger8.webp"",""slug"":""313291_72b16893a39946adb4f30aa2d26ea4d0~mv2.webp"",""alt"":"""",""src"":""wix:image://v1/313291_72b16893a39946adb4f30aa2d26ea4d0~mv2.webp/tiger8.webp#originWidth=259&originHeight=360"",""title"":""tiger8.webp"",""type"":""image"",""settings"":{""width"":259,""height"":360,""focalPoint"":[0.5,0.5]}},{""description"":"""",""fileName"":""tiger7.webp"",""slug"":""313291_02ee00ad8ed14567af9b59a8ee098380~mv2.webp"",""alt"":"""",""src"":""wix:image://v1/313291_02ee00ad8ed14567af9b59a8ee098380~mv2.webp/tiger7.webp#originWidth=554&originHeight=738"",""title"":""tiger7.webp"",""type"":""image"",""settings"":{""width"":554,""height"":738,""focalPoint"":[0.5,0.5]}},{""description"":"""",""fileName"":""tiger6.webp"",""slug"":""313291_62d2f489ea6a4b08acc0bfc11cc4e221~mv2.webp"",""alt"":"""",""src"":""wix:image://v1/313291_62d2f489ea6a4b08acc0bfc11cc4e221~mv2.webp/tiger6.webp#originWidth=554&originHeight=738"",""title"":""tiger6.webp"",""type"":""image"",""settings"":{""width"":554,""height"":738,""focalPoint"":[0.5,0.5]}},{""description"":"""",""fileName"":""tiger4.webp"",""slug"":""313291_5ba01c9c680d450dae394e4ebca02757~mv2.webp"",""alt"":"""",""src"":""wix:image://v1/313291_5ba01c9c680d450dae394e4ebca02757~mv2.webp/tiger4.webp#originWidth=960&originHeight=720"",""title"":""tiger4.webp"",""type"":""image"",""settings"":{""width"":960,""height"":720,""focalPoint"":[0.5,0.5]}},{""description"":"""",""fileName"":""tiger3.webp"",""slug"":""313291_4b76fc85742747ce82eff10ee4de74d8~mv2.webp"",""alt"":"""",""src"":""wix:image://v1/313291_4b76fc85742747ce82eff10ee4de74d8~mv2.webp/tiger3.webp#originWidth=360&originHeight=270"",""title"":""tiger3.webp"",""type"":""image"",""settings"":{""width"":360,""height"":270,""focalPoint"":[0.5,0.5]}},{""description"":"""",""fileName"":""tiger1.webp"",""slug"":""313291_f3b9679a89ca4c6d9d5113bb94383c24~mv2.webp"",""alt"":"""",""src"":""wix:image://v1/313291_f3b9679a89ca4c6d9d5113bb94383c24~mv2.webp/tiger1.webp#originWidth=491&originHeight=738"",""title"":""tiger1.webp"",""type"":""image"",""settings"":{""width"":491,""height"":738,""focalPoint"":[0.5,0.5]}},{""description"":"""",""fileName"":""tiger2.webp"",""slug"":""313291_000502c717444342bf4b88a133f847f1~mv2.webp"",""alt"":"""",""src"":""wix:image://v1/313291_000502c717444342bf4b88a133f847f1~mv2.webp/tiger2.webp#originWidth=623&originHeight=738"",""title"":""tiger2.webp"",""type"":""image"",""settings"":{""width"":623,""height"":738,""focalPoint"":[0.5,0.5]}}]",,"/adoptii-virtuale-pisici/","/adoptii-virtuale-pisici/tiger","663e7685-8428-47f5-a1eb-e4a106ee9bde",2026-02-09T12:16:14Z,2026-02-09T12:27:52Z,"23c49494-5a15-4979-b6f5-22839a07d7fc"
"Charlie","11 ani",20,"Alb cu gri","Mascul","Jucaus si afectuos","Vaccinat si castrat","Charlie – motanul care așteaptă de o viață să fie iubit

Charlie își așteaptă familia încă de când era un ghemotoc de doar 2 luni. Au trecut ani de atunci și, din păcate, nimeni nu l-a ales… iar noi nu înțelegem de ce, pentru că este un motan absolut minunat.

A fost găsit împreună cu cei 3 frățiori ai săi pe un câmp, în apropierea unui adăpost de câini. De atunci, a crescut frumos, devenind un motanel de 5 ani inteligent, curios, jucăuș și extrem de afectuos. Adoră compania oamenilor, toarce imediat ce primește atenție și îți va fi mereu aproape.","wix:image://v1/313291_bd3bdefe718b472a88a6a8fffbb29fe0~mv2.webp/charlie1.webp#originWidth=582&originHeight=776","[{""description"":"""",""fileName"":""charlie7.webp"",""slug"":""313291_5260ca3d4d804c28b8fbdb343d5ed53e~mv2.webp"",""alt"":"""",""src"":""wix:image://v1/313291_5260ca3d4d804c28b8fbdb343d5ed53e~mv2.webp/charlie7.webp#originWidth=582&originHeight=776"",""title"":""charlie7.webp"",""type"":""image"",""settings"":{""width"":582,""height"":776,""focalPoint"":[0.5,0.5]}},{""description"":"""",""fileName"":""charlie9.webp"",""slug"":""313291_b4e9f3903c3f476a9e88daa544a4c871~mv2.webp"",""alt"":"""",""src"":""wix:image://v1/313291_b4e9f3903c3f476a9e88daa544a4c871~mv2.webp/charlie9.webp#originWidth=582&originHeight=776"",""title"":""charlie9.webp"",""type"":""image"",""settings"":{""width"":582,""height"":776,""focalPoint"":[0.5,0.5]}},{""description"":"""",""fileName"":""charlie8.webp"",""slug"":""313291_29496290f930421195419ad18772a53c~mv2.webp"",""alt"":"""",""src"":""wix:image://v1/313291_29496290f930421195419ad18772a53c~mv2.webp/charlie8.webp#originWidth=960&originHeight=720"",""title"":""charlie8.webp"",""type"":""image"",""settings"":{""width"":960,""height"":720,""focalPoint"":[0.5,0.5]}},{""description"":"""",""fileName"":""charlie6.webp"",""slug"":""313291_85278c04e07f405b9f5296ad6bc738a9~mv2.webp"",""alt"":"""",""src"":""wix:image://v1/313291_85278c04e07f405b9f5296ad6bc738a9~mv2.webp/charlie6.webp#originWidth=960&originHeight=720"",""title"":""charlie6.webp"",""type"":""image"",""settings"":{""width"":960,""height"":720,""focalPoint"":[0.5,0.5]}},{""description"":"""",""fileName"":""charlie5.webp"",""slug"":""313291_0590aa7fb2cc46f8bb863d9b9bea5d75~mv2.webp"",""alt"":"""",""src"":""wix:image://v1/313291_0590aa7fb2cc46f8bb863d9b9bea5d75~mv2.webp/charlie5.webp#originWidth=834&originHeight=768"",""title"":""charlie5.webp"",""type"":""image"",""settings"":{""width"":834,""height"":768,""focalPoint"":[0.5,0.5]}},{""description"":"""",""fileName"":""charlie4.webp"",""slug"":""313291_d6b1740bff60481cabe0ee56324618f6~mv2.webp"",""alt"":"""",""src"":""wix:image://v1/313291_d6b1740bff60481cabe0ee56324618f6~mv2.webp/charlie4.webp#originWidth=582&originHeight=776"",""title"":""charlie4.webp"",""type"":""image"",""settings"":{""width"":582,""height"":776,""focalPoint"":[0.5,0.5]}},{""description"":"""",""fileName"":""charlie1.webp"",""slug"":""313291_bd3bdefe718b472a88a6a8fffbb29fe0~mv2.webp"",""alt"":"""",""src"":""wix:image://v1/313291_bd3bdefe718b472a88a6a8fffbb29fe0~mv2.webp/charlie1.webp#originWidth=582&originHeight=776"",""title"":""charlie1.webp"",""type"":""image"",""settings"":{""width"":582,""height"":776,""focalPoint"":[0.5,0.5]}},{""description"":"""",""fileName"":""charlie3.webp"",""slug"":""313291_b48821b26133480f89d8ba9ae3a1b539~mv2.webp"",""alt"":"""",""src"":""wix:image://v1/313291_b48821b26133480f89d8ba9ae3a1b539~mv2.webp/charlie3.webp#originWidth=960&originHeight=720"",""title"":""charlie3.webp"",""type"":""image"",""settings"":{""width"":960,""height"":720,""focalPoint"":[0.5,0.5]}},{""description"":"""",""fileName"":""charlie2.webp"",""slug"":""313291_fd4f61088a4a429b89d2a5dff57b04ba~mv2.webp"",""alt"":"""",""src"":""wix:image://v1/313291_fd4f61088a4a429b89d2a5dff57b04ba~mv2.webp/charlie2.webp#originWidth=960&originHeight=720"",""title"":""charlie2.webp"",""type"":""image"",""settings"":{""width"":960,""height"":720,""focalPoint"":[0.5,0.5]}},{""description"":"""",""fileName"":""charlie10.webp"",""slug"":""313291_83d7e42cab7c4cfd9a269b66cf5b3bc8~mv2.webp"",""alt"":"""",""src"":""wix:image://v1/313291_83d7e42cab7c4cfd9a269b66cf5b3bc8~mv2.webp/charlie10.webp#originWidth=960&originHeight=720"",""title"":""charlie10.webp"",""type"":""image"",""settings"":{""width"":960,""height"":720,""focalPoint"":[0.5,0.5]}}]",,"/adoptii-virtuale-pisici/","/adoptii-virtuale-pisici/charlie","6918617b-f997-42bf-a78b-5bfddc803a93",2026-02-09T12:19:27Z,2026-02-09T12:28:03Z,"23c49494-5a15-4979-b6f5-22839a07d7fc"
"Abby","8 ani",8,"Alb cu gri si bej","Femela","Timida","Vaccinata si sterilizata","Este e pisicuta timida si sperioasa. A cunoscut deja fata urata a oamenilor pt ca a fost aruncata pe un camp impreuna cu surioarele ei. Noi am salvat-o si ii oferim siguranta, papica, confort si liniste.

Abby poate fi adoptata virtual printr-o donatie in conturile de mai jos. Va multumim!","wix:image://v1/313291_1eadd61ce63540e1be4247b8583b3fce~mv2.webp/abby1.webp#originWidth=692&originHeight=738","[{""description"":"""",""slug"":""313291_1eadd61ce63540e1be4247b8583b3fce~mv2.webp"",""alt"":"""",""src"":""wix:image://v1/313291_1eadd61ce63540e1be4247b8583b3fce~mv2.webp/abby1.webp#originWidth=692&originHeight=738"",""title"":""abby1.webp"",""type"":""image"",""settings"":{""width"":692,""height"":738,""focalPoint"":[0.5,0.5]}},{""description"":"""",""slug"":""313291_e706515492b54ccdbec4fa8d402ba553~mv2.webp"",""alt"":"""",""src"":""wix:image://v1/313291_e706515492b54ccdbec4fa8d402ba553~mv2.webp/abby2.webp#originWidth=820&originHeight=738"",""title"":""abby2.webp"",""type"":""image"",""settings"":{""width"":820,""height"":738,""focalPoint"":[0.5,0.5]}},{""description"":"""",""slug"":""313291_94e9b2ace6004638ac40c2adc0db8fa5~mv2.webp"",""alt"":"""",""src"":""wix:image://v1/313291_94e9b2ace6004638ac40c2adc0db8fa5~mv2.webp/abby3.webp#originWidth=721&originHeight=738"",""title"":""abby3.webp"",""type"":""image"",""settings"":{""width"":721,""height"":738,""focalPoint"":[0.5,0.5]}},{""description"":"""",""slug"":""313291_b22fc79f5cdf476f9230233cd6567c45~mv2.webp"",""alt"":"""",""src"":""wix:image://v1/313291_b22fc79f5cdf476f9230233cd6567c45~mv2.webp/abby4.webp#originWidth=834&originHeight=738"",""title"":""abby4.webp"",""type"":""image"",""settings"":{""width"":834,""height"":738,""focalPoint"":[0.5,0.5]}},{""description"":"""",""slug"":""313291_2ce65e91e533426d98d83f3a65e0276c~mv2.webp"",""alt"":"""",""src"":""wix:image://v1/313291_2ce65e91e533426d98d83f3a65e0276c~mv2.webp/abby5.webp#originWidth=960&originHeight=720"",""title"":""abby5.webp"",""type"":""image"",""settings"":{""width"":960,""height"":720,""focalPoint"":[0.5,0.5]}}]",,"/adoptii-virtuale-pisici/","/adoptii-virtuale-pisici/abby","6a78f689-deaf-46ee-8e19-2cfcc2a76fe1",2024-04-05T21:20:30Z,2026-02-09T12:26:15Z,"31329177-7717-416d-a193-71cad58cf27c"
"Goldy","10 ani",16,"Alb cu portocaliu","Mascul","Lipicios si afectuos","Vaccinat si castrat","Goldy un motanas minune - foarte lipicios si atasat de oameni, vorbaret si torcacios. Are o personalitate deosebita, ne urmareste prin casa si vorbeste cu noi, ne prinde mana usor cu labuta lui pt a-i acorda afectiune incat ne topeste efectiv si cand ajungem acasa ne intampina la usa precum un catelus.

Goldy are nevoie de un om care sa isi petreca suficient timp cu el si /sau sa aiba inca o pisicuta drept companion.","wix:image://v1/313291_0767cfb91a52437890d482fe94ef7e4d~mv2.webp/goldy1.webp#originWidth=360&originHeight=480","[{""description"":"""",""fileName"":""goldy5.webp"",""slug"":""313291_e30ea27cfa1d4a299eefa3d1f3bf6524~mv2.webp"",""alt"":"""",""src"":""wix:image://v1/313291_e30ea27cfa1d4a299eefa3d1f3bf6524~mv2.webp/goldy5.webp#originWidth=554&originHeight=738"",""title"":""goldy5.webp"",""type"":""image"",""settings"":{""width"":554,""height"":738,""focalPoint"":[0.5,0.5]}},{""description"":"""",""fileName"":""goldy1.webp"",""slug"":""313291_0767cfb91a52437890d482fe94ef7e4d~mv2.webp"",""alt"":"""",""src"":""wix:image://v1/313291_0767cfb91a52437890d482fe94ef7e4d~mv2.webp/goldy1.webp#originWidth=360&originHeight=480"",""title"":""goldy1.webp"",""type"":""image"",""settings"":{""width"":360,""height"":480,""focalPoint"":[0.5,0.5]}},{""description"":"""",""fileName"":""goldy4.webp"",""slug"":""313291_98bb492ebe9d44668fedf6ea64a0a311~mv2.webp"",""alt"":"""",""src"":""wix:image://v1/313291_98bb492ebe9d44668fedf6ea64a0a311~mv2.webp/goldy4.webp#originWidth=624&originHeight=738"",""title"":""goldy4.webp"",""type"":""image"",""settings"":{""width"":624,""height"":738,""focalPoint"":[0.5,0.5]}},{""description"":"""",""fileName"":""goldy2.webp"",""slug"":""313291_d6f77a164e044627b376910c2106b984~mv2.webp"",""alt"":"""",""src"":""wix:image://v1/313291_d6f77a164e044627b376910c2106b984~mv2.webp/goldy2.webp#originWidth=548&originHeight=738"",""title"":""goldy2.webp"",""type"":""image"",""settings"":{""width"":548,""height"":738,""focalPoint"":[0.5,0.5]}},{""description"":"""",""fileName"":""goldy3.webp"",""slug"":""313291_115286db70f14101976111ba4a87febe~mv2.webp"",""alt"":"""",""src"":""wix:image://v1/313291_115286db70f14101976111ba4a87febe~mv2.webp/goldy3.webp#originWidth=554&originHeight=738"",""title"":""goldy3.webp"",""type"":""image"",""settings"":{""width"":554,""height"":738,""focalPoint"":[0.5,0.5]}}]",,"/adoptii-virtuale-pisici/","/adoptii-virtuale-pisici/goldy","6b2e1685-eb9f-466b-a9ec-0f68cbd0748e",2026-02-09T12:12:02Z,2026-02-09T12:27:50Z,"23c49494-5a15-4979-b6f5-22839a07d7fc"
"Garfield","10 ani",18,"Portocaliu","Mascul","Jucaus si afectuos","Vaccinat si castrat","Garfield - un motan asa de frumos, lipicios si torcacios, dar pana acum fara noroc. Fratelui lui, Silver, a fost adoptat cu multe luni in urma in timp ce Garfield inca asteapta o familie responsabila ...daca se poate sa aiba drept companie si o alta pisica ar fi minunat, intrucat el iubeste oamenii si pisicile in egala masura. Desi pare ursuz in poze, este cel mai iubitor baiat, toarce cu 100 de motorase si framanta cozonocei, are o personalitate adorabila, ne urmareste prin casa precum un catelus, alearga topaind si nu-si doreste decat sa fie mangaiat si alintat, iar cand ajunge in bratele noastre, parca ar fi din plastilina, se unduie si se rasfata si porneste motorasele la turatie maxima.","wix:image://v1/313291_9b6c820f3272496fb10ed023b4003a60~mv2.webp/garfield1.webp#originWidth=582&originHeight=776","[{""description"":"""",""fileName"":""garfield1.webp"",""slug"":""313291_9b6c820f3272496fb10ed023b4003a60~mv2.webp"",""alt"":"""",""src"":""wix:image://v1/313291_9b6c820f3272496fb10ed023b4003a60~mv2.webp/garfield1.webp#originWidth=582&originHeight=776"",""title"":""garfield1.webp"",""type"":""image"",""settings"":{""width"":582,""height"":776,""focalPoint"":[0.5,0.5]}},{""description"":"""",""fileName"":""garfield2.webp"",""slug"":""313291_a4c99702b2f94332b0042cdb9abf5e91~mv2.webp"",""alt"":"""",""src"":""wix:image://v1/313291_a4c99702b2f94332b0042cdb9abf5e91~mv2.webp/garfield2.webp#originWidth=960&originHeight=720"",""title"":""garfield2.webp"",""type"":""image"",""settings"":{""width"":960,""height"":720,""focalPoint"":[0.5,0.5]}},{""description"":"""",""fileName"":""garfield3.webp"",""slug"":""313291_5ddbc6ca00ae4d85b56cc7289722146a~mv2.webp"",""alt"":"""",""src"":""wix:image://v1/313291_5ddbc6ca00ae4d85b56cc7289722146a~mv2.webp/garfield3.webp#originWidth=597&originHeight=776"",""title"":""garfield3.webp"",""type"":""image"",""settings"":{""width"":597,""height"":776,""focalPoint"":[0.5,0.5]}},{""description"":"""",""fileName"":""garfield4.webp"",""slug"":""313291_bd855ffb5d4b4032a4bc41506532e6c9~mv2.webp"",""alt"":"""",""src"":""wix:image://v1/313291_bd855ffb5d4b4032a4bc41506532e6c9~mv2.webp/garfield4.webp#originWidth=582&originHeight=776"",""title"":""garfield4.webp"",""type"":""image"",""settings"":{""width"":582,""height"":776,""focalPoint"":[0.5,0.5]}},{""description"":"""",""fileName"":""garfield5.webp"",""slug"":""313291_1988c5be901247e2baa8c2bffbadfcd5~mv2.webp"",""alt"":"""",""src"":""wix:image://v1/313291_1988c5be901247e2baa8c2bffbadfcd5~mv2.webp/garfield5.webp#originWidth=582&originHeight=776"",""title"":""garfield5.webp"",""type"":""image"",""settings"":{""width"":582,""height"":776,""focalPoint"":[0.5,0.5]}},{""description"":"""",""fileName"":""garfield6.webp"",""slug"":""313291_b0acf6003e294bba8ab3a2e80e2d1489~mv2.webp"",""alt"":"""",""src"":""wix:image://v1/313291_b0acf6003e294bba8ab3a2e80e2d1489~mv2.webp/garfield6.webp#originWidth=774&originHeight=776"",""title"":""garfield6.webp"",""type"":""image"",""settings"":{""width"":774,""height"":776,""focalPoint"":[0.5,0.5]}},{""description"":"""",""fileName"":""garfield7.webp"",""slug"":""313291_aebb5b15783d423e8815d43b3ed4cd04~mv2.webp"",""alt"":"""",""src"":""wix:image://v1/313291_aebb5b15783d423e8815d43b3ed4cd04~mv2.webp/garfield7.webp#originWidth=582&originHeight=776"",""title"":""garfield7.webp"",""type"":""image"",""settings"":{""width"":582,""height"":776,""focalPoint"":[0.5,0.5]}}]",,"/adoptii-virtuale-pisici/","/adoptii-virtuale-pisici/garfields","9174c07c-8ff4-4287-973e-4a0edcd6e648",2026-02-09T12:00:39Z,2026-02-09T12:27:56Z,"23c49494-5a15-4979-b6f5-22839a07d7fc"
"Berlioz","8 ani",9,"Negru cu alb","Mascul","Jucaus si afectuos","Vaccinat si castrat","Berlioz e motanul care se aseaza in poala ta si care se lipeste de tine si la propriu si la figurat, care se topeste cand este mangaiat si chiar aveti ce mangaia... o blanita fina si moale, o catifea neagra si lucioasa, sub care se ascunde un motanas dulce si dependent de om.

Cu joaca sta la fel de bine, se joaca cu omul, cu jucariile dar si cu alte pisicute si chiar ar fi indicat sa aiba un partener de joaca pt ca el se intelege cu toate pisicutele.","wix:image://v1/313291_fadb91a2831741c88cb1c9f7dce642dc~mv2.webp/berlioz13.webp#originWidth=716&originHeight=738","[{""description"":"""",""fileName"":""berlioz12.webp"",""slug"":""313291_2eed3d9eee4b47e0bc30ec400d3c7a1a~mv2.webp"",""alt"":"""",""src"":""wix:image://v1/313291_2eed3d9eee4b47e0bc30ec400d3c7a1a~mv2.webp/berlioz12.webp#originWidth=554&originHeight=738"",""title"":""berlioz12.webp"",""type"":""image"",""settings"":{""width"":554,""height"":738,""focalPoint"":[0.5,0.5]}},{""description"":"""",""fileName"":""berlioz13.webp"",""slug"":""313291_fadb91a2831741c88cb1c9f7dce642dc~mv2.webp"",""alt"":"""",""src"":""wix:image://v1/313291_fadb91a2831741c88cb1c9f7dce642dc~mv2.webp/berlioz13.webp#originWidth=716&originHeight=738"",""title"":""berlioz13.webp"",""type"":""image"",""settings"":{""width"":716,""height"":738,""focalPoint"":[0.5,0.5]}}]",,"/adoptii-virtuale-pisici/","/adoptii-virtuale-pisici/berlioz","997d188a-5cad-44b9-aa2a-0c19a4a736db",2026-02-09T11:58:26Z,2026-02-09T12:26:19Z,"23c49494-5a15-4979-b6f5-22839a07d7fc"
"Mars","5 ani",2,,,,"n/c","n/c","wix:image://v1/313291_614eef824c0e47fda0dd4875154c80d2~mv2.jpg/mars1.jpg#originWidth=1536&originHeight=2048","[{""description"":"""",""slug"":""313291_614eef824c0e47fda0dd4875154c80d2~mv2.jpg"",""alt"":"""",""src"":""wix:image://v1/313291_614eef824c0e47fda0dd4875154c80d2~mv2.jpg/mars1.jpg#originWidth=1536&originHeight=2048"",""title"":""mars1.jpg"",""type"":""image"",""settings"":{""width"":1536,""height"":2048,""focalPoint"":[0.5,0.5]}}]",,"/adoptii-virtuale-pisici/","/adoptii-virtuale-pisici/mars","9a483eed-5b90-430d-8a88-adfef014a817",2024-04-05T21:14:08Z,2026-02-09T12:25:02Z,"31329177-7717-416d-a193-71cad58cf27c"
"Ziggy","11 ani",21,"Gri cu negru","Mascul","Jucaus si afectuos","Vaccinat si castrat","Ziggy – motanul atletic cu inimă de aur

Ziggy este un motan frumos și elegant, cu o energie plăcută și un suflet plin de iubire. Are 6 ani și este combinația perfectă între jucăuș și afectuos: adoră să se joace cu jucăriile lui, dar la fel de mult îi place să petreacă timp cu alte pisicuțe sau să stea lipit de omul lui, torcând cu satisfacție.

Este prietenos, lipicios și mereu gata să îți aducă zâmbetul pe buze, fie printr-o rundă de joacă, fie prin momentele de liniște în care îți va ține companie.

Ziggy își caută o familie iubitoare, unde să fie răsfățat și unde să își poată împărți bucuria cu oameni și, de preferat, cu un companion felin. ❤️
","wix:image://v1/313291_e9f8d624aab545d4a70e52cce26cec24~mv2.webp/ziggy6.webp#originWidth=547&originHeight=738","[{""description"":"""",""fileName"":""ziggy6.webp"",""slug"":""313291_e9f8d624aab545d4a70e52cce26cec24~mv2.webp"",""alt"":"""",""src"":""wix:image://v1/313291_e9f8d624aab545d4a70e52cce26cec24~mv2.webp/ziggy6.webp#originWidth=547&originHeight=738"",""title"":""ziggy6.webp"",""type"":""image"",""settings"":{""width"":547,""height"":738,""focalPoint"":[0.5,0.5]}},{""description"":"""",""fileName"":""ziggy5.webp"",""slug"":""313291_ac251f7344eb46d39d0ad40b5541ee00~mv2.webp"",""alt"":"""",""src"":""wix:image://v1/313291_ac251f7344eb46d39d0ad40b5541ee00~mv2.webp/ziggy5.webp#originWidth=579&originHeight=738"",""title"":""ziggy5.webp"",""type"":""image"",""settings"":{""width"":579,""height"":738,""focalPoint"":[0.5,0.5]}},{""description"":"""",""fileName"":""ziggy4.webp"",""slug"":""313291_4d102f9b866e4ceeb47b891475844803~mv2.webp"",""alt"":"""",""src"":""wix:image://v1/313291_4d102f9b866e4ceeb47b891475844803~mv2.webp/ziggy4.webp#originWidth=573&originHeight=738"",""title"":""ziggy4.webp"",""type"":""image"",""settings"":{""width"":573,""height"":738,""focalPoint"":[0.5,0.5]}},{""description"":"""",""fileName"":""ziggy1.webp"",""slug"":""313291_70dd43666b2946409415766e043be2a1~mv2.webp"",""alt"":"""",""src"":""wix:image://v1/313291_70dd43666b2946409415766e043be2a1~mv2.webp/ziggy1.webp#originWidth=539&originHeight=738"",""title"":""ziggy1.webp"",""type"":""image"",""settings"":{""width"":539,""height"":738,""focalPoint"":[0.5,0.5]}},{""description"":"""",""fileName"":""ziggy3.webp"",""slug"":""313291_ee1ce4fb37594a538e1f2085d3990cbc~mv2.webp"",""alt"":"""",""src"":""wix:image://v1/313291_ee1ce4fb37594a538e1f2085d3990cbc~mv2.webp/ziggy3.webp#originWidth=554&originHeight=738"",""title"":""ziggy3.webp"",""type"":""image"",""settings"":{""width"":554,""height"":738,""focalPoint"":[0.5,0.5]}},{""description"":"""",""fileName"":""ziggy2.webp"",""slug"":""313291_164cef8bf4054e2b96b611cf9b32fc61~mv2.webp"",""alt"":"""",""src"":""wix:image://v1/313291_164cef8bf4054e2b96b611cf9b32fc61~mv2.webp/ziggy2.webp#originWidth=831&originHeight=738"",""title"":""ziggy2.webp"",""type"":""image"",""settings"":{""width"":831,""height"":738,""focalPoint"":[0.5,0.5]}}]",,"/adoptii-virtuale-pisici/","/adoptii-virtuale-pisici/ziggy","cfb4da45-5caf-49bb-b96a-e10d87ade738",2026-02-09T12:17:53Z,2026-02-09T12:28:05Z,"23c49494-5a15-4979-b6f5-22839a07d7fc"
"Toto","7 ani",7,"Alb cu gri","Mascul","Jucaus si afectuos","Vaccinat si castrat","Bulgaras de zapada de adoptat si de iubit!
Este dulce, afectuos, torcacios si jucaus si
adora mangaierile. Ca semn distinctiv, are o inimioara pe blanita:). Se intelege de minune cu alte pisicute, motiv pt care dorim sa-i gasim o familie care sa mai aiba cel putin o pisicuta cu care sa se joace si sa-si petreaca timpul cand familia e la serviciu.","wix:image://v1/313291_2c3d3cef7446404783166a6b4115278a~mv2.webp/toto1.webp#originWidth=500&originHeight=738","[{""description"":"""",""fileName"":""toto1.webp"",""slug"":""313291_2c3d3cef7446404783166a6b4115278a~mv2.webp"",""alt"":"""",""src"":""wix:image://v1/313291_2c3d3cef7446404783166a6b4115278a~mv2.webp/toto1.webp#originWidth=500&originHeight=738"",""title"":""toto1.webp"",""type"":""image"",""settings"":{""width"":500,""height"":738,""focalPoint"":[0.5,0.5]}},{""description"":"""",""fileName"":""toto2.webp"",""slug"":""313291_7b81d5c7bcfa4730a305ac2bf87a7646~mv2.webp"",""alt"":"""",""src"":""wix:image://v1/313291_7b81d5c7bcfa4730a305ac2bf87a7646~mv2.webp/toto2.webp#originWidth=449&originHeight=738"",""title"":""toto2.webp"",""type"":""image"",""settings"":{""width"":449,""height"":738,""focalPoint"":[0.5,0.5]}},{""description"":"""",""fileName"":""toto3.webp"",""slug"":""313291_00e724aaae38495880e97bf2bc193a51~mv2.webp"",""alt"":"""",""src"":""wix:image://v1/313291_00e724aaae38495880e97bf2bc193a51~mv2.webp/toto3.webp#originWidth=569&originHeight=738"",""title"":""toto3.webp"",""type"":""image"",""settings"":{""width"":569,""height"":738,""focalPoint"":[0.5,0.5]}},{""description"":"""",""fileName"":""toto4.webp"",""slug"":""313291_91fd1099d13b4d07a331d530199833fc~mv2.webp"",""alt"":"""",""src"":""wix:image://v1/313291_91fd1099d13b4d07a331d530199833fc~mv2.webp/toto4.webp#originWidth=554&originHeight=738"",""title"":""toto4.webp"",""type"":""image"",""settings"":{""width"":554,""height"":738,""focalPoint"":[0.5,0.5]}}]",,"/adoptii-virtuale-pisici/","/adoptii-virtuale-pisici/toto","dc9c8998-fde6-4075-bfd1-38ebf2ed6699",2026-02-09T11:54:31Z,2026-02-09T12:26:11Z,"23c49494-5a15-4979-b6f5-22839a07d7fc"
"Sun","5 ani",1,,,,"n/c","n/c","wix:image://v1/313291_5965034e9000432dadb44b9f845ccaba~mv2.jpg/sun1.jpg#originWidth=1481&originHeight=1898","[{""description"":"""",""slug"":""313291_5965034e9000432dadb44b9f845ccaba~mv2.jpg"",""alt"":"""",""src"":""wix:image://v1/313291_5965034e9000432dadb44b9f845ccaba~mv2.jpg/sun1.jpg#originWidth=1481&originHeight=1898"",""title"":""sun1.jpg"",""type"":""image"",""settings"":{""width"":1481,""height"":1898,""focalPoint"":[0.5,0.5]}}]",,"/adoptii-virtuale-pisici/","/adoptii-virtuale-pisici/sun","dfd4f2b6-de72-491d-8bc6-5849e2f2fd89",2024-04-05T21:14:03Z,2026-02-09T12:25:01Z,"31329177-7717-416d-a193-71cad58cf27c"
"Orange","4 ani",4,"Portocaliu","Mascul","Jucaus si afectuos","Vaccinat, deparazitati","Orange - acum are 1,5 ani si avea 2 saptamani cand a fost salvat din strada, unde fusese abandonat impreuna cu fratiorii lui. Toti aveau ochii plini de puroi de la herpes virus.

Fratiorii lui si-au recuperat ochisorii integral, insa el a avut un ghinion fantastic, pierdundu-si ambii ochisori.

Orange poate fi adoptat virtual printr-o donatie in conturile de mai jos. Va multumim!","wix:image://v1/313291_fa9ca8a58ee649fbbab0c27a38a5ba7b~mv2.webp/orange1.webp#originWidth=690&originHeight=738","[{""description"":"""",""slug"":""313291_fa9ca8a58ee649fbbab0c27a38a5ba7b~mv2.webp"",""alt"":"""",""src"":""wix:image://v1/313291_fa9ca8a58ee649fbbab0c27a38a5ba7b~mv2.webp/orange1.webp#originWidth=690&originHeight=738"",""title"":""orange1.webp"",""type"":""image"",""settings"":{""width"":690,""height"":738,""focalPoint"":[0.5,0.5]}},{""description"":"""",""slug"":""313291_5aa07e475cd748e89108266a6eb6bbfb~mv2.webp"",""alt"":"""",""src"":""wix:image://v1/313291_5aa07e475cd748e89108266a6eb6bbfb~mv2.webp/orange2.webp#originWidth=503&originHeight=738"",""title"":""orange2.webp"",""type"":""image"",""settings"":{""width"":503,""height"":738,""focalPoint"":[0.5,0.5]}},{""description"":"""",""slug"":""313291_796aa03067d94e699b4190f42417904e~mv2.webp"",""alt"":"""",""src"":""wix:image://v1/313291_796aa03067d94e699b4190f42417904e~mv2.webp/orange3.webp#originWidth=754&originHeight=738"",""title"":""orange3.webp"",""type"":""image"",""settings"":{""width"":754,""height"":738,""focalPoint"":[0.5,0.5]}}]",,"/adoptii-virtuale-pisici/","/adoptii-virtuale-pisici/orange","e864b899-eda2-444b-83fd-99f28814814f",2024-04-05T21:14:13Z,2026-02-09T12:25:15Z,"31329177-7717-416d-a193-71cad58cf27c"
