"Nume","Varsta","Talie","Sex","Comportament","Vaccin","Descriere","Imagine principala","Alte imagini","Vidéo","Adoptii caini (List)","Adoptii caini Mica(Item)","ID","Created Date","Updated Date","Owner","ordre"
"Marley","1 an","Medie","Mascul","Afectuos","Vaccinat si castrat","🐶 Marley este fratele lui Luke și, la fel ca el, așteaptă încă să fie ales… deși are toate calitățile unui câine de familie. Din păcate, până acum nu a reușit să convingă pe nimeni că și cățeii fără rasă merită un cămin, un coșuleț cald și o familie care să-i iubească.

Are un an și câteva luni, este de talie medie, blând, cald și extrem de iubitor. Este genul de câine care se apropie cu încredere, care caută mângâierile și care oferă afecțiune sinceră, fără să ceară nimic în schimb.

💔 Vă rugăm, nu-l lăsați să îmbătrânească în adăpost.
Marley merită șansa de a cunoaște ce înseamnă „acasă”, nu doar garduri și așteptare.

🙏 Fiecare distribuire îl poate aduce mai aproape de familia lui. Uneori, un simplu share este tot ce stă între un câine și o viață mai bună.

🏡 Îi căutăm o familie responsabilă în București sau în împrejurimi, care să-i ofere siguranță, stabilitate și iubire.

Marley îți va oferi în schimb loialitate, recunoștință și o inimă întreagă.
Poate chiar tu ești omul care îi va schimba destinul 🤍","wix:image://v1/23c494_a7093b594cac4ea390de4ea6345a17a1~mv2.jpg/marley%201.jpg#originWidth=1099&originHeight=2048","[{""description"":"""",""fileName"":""marley 1.jpg"",""slug"":""23c494_a7093b594cac4ea390de4ea6345a17a1~mv2.jpg"",""alt"":"""",""src"":""wix:image://v1/23c494_a7093b594cac4ea390de4ea6345a17a1~mv2.jpg/marley%25201.jpg#originWidth=1099&originHeight=2048"",""title"":""marley 1.jpg"",""type"":""image"",""settings"":{""width"":1099,""height"":2048,""focalPoint"":[0.5,0.5]}},{""description"":"""",""fileName"":""marley 2.jpg"",""slug"":""23c494_b3a506269e7848deb43749765a534e5d~mv2.jpg"",""alt"":"""",""src"":""wix:image://v1/23c494_b3a506269e7848deb43749765a534e5d~mv2.jpg/marley%25202.jpg#originWidth=951&originHeight=1518"",""title"":""marley 2.jpg"",""type"":""image"",""settings"":{""width"":951,""height"":1518,""focalPoint"":[0.5,0.5]}},{""description"":"""",""fileName"":""marley 3.jpg"",""slug"":""23c494_6d1ae2ae68684913b092dae8bd9edecf~mv2.jpg"",""alt"":"""",""src"":""wix:image://v1/23c494_6d1ae2ae68684913b092dae8bd9edecf~mv2.jpg/marley%25203.jpg#originWidth=1505&originHeight=1869"",""title"":""marley 3.jpg"",""type"":""image"",""settings"":{""width"":1505,""height"":1869,""focalPoint"":[0.5,0.5]}},{""description"":"""",""fileName"":""marley 4.jpg"",""slug"":""23c494_4881c7c4b79f4db5b76f0f988326cfb9~mv2.jpg"",""alt"":"""",""src"":""wix:image://v1/23c494_4881c7c4b79f4db5b76f0f988326cfb9~mv2.jpg/marley%25204.jpg#originWidth=1496&originHeight=2048"",""title"":""marley 4.jpg"",""type"":""image"",""settings"":{""width"":1496,""height"":2048,""focalPoint"":[0.5,0.5]}}]",,"/adoptii-caini/","/adoptii-caini/marley","01919dc6-f5b3-41a3-8ddc-29415ab6c85b",2026-02-08T17:43:27Z,2026-02-08T19:47:52Z,"23c49494-5a15-4979-b6f5-22839a07d7fc",3
"Vladimir","10 ani","Medie","Mascul","Afectuos si jucaus","Vaccinat si castrat","Vladimir - catelul din vie cum ii spunem noi pt ca de acolo l-am salvat, era un pachet de oase cand ne-a aparut in fata masinii. Pt cei mai multi oameni care il privesc, el este “catelul pe care il intalniti in spatele curtii, intr-un lant”. Pt noi este Vladimir caruia ii cautam oameni care sa-l primeasca in casa si in suflet.","wix:image://v1/313291_2bf820c6b8714a99992c37146020ca58~mv2.webp/vladimir1.webp#originWidth=960&originHeight=722","[{""description"":"""",""slug"":""313291_2bf820c6b8714a99992c37146020ca58~mv2.webp"",""alt"":"""",""src"":""wix:image://v1/313291_2bf820c6b8714a99992c37146020ca58~mv2.webp/vladimir1.webp#originWidth=960&originHeight=722"",""title"":""vladimir1.webp"",""type"":""image"",""settings"":{""width"":960,""height"":722,""focalPoint"":[0.5,0.5]}}]",,"/adoptii-caini/","/adoptii-caini/vladimir","09c4c3af-e624-4cec-b542-a9570b41c4c5",2024-04-04T20:46:48Z,2026-02-08T19:47:52Z,"31329177-7717-416d-a193-71cad58cf27c",27
"Mura","14 ani","Medie","Femela","Docila si afectuoasa","Vaccinata, sterilizata","Eu sunt Mura si ma tot gandesc ce si cum sa va spun sa va indreptati privirea si sufletul catre mine... o misiune grea, dar voi face tot posibilul. Sunt atat de multi catei in lumea asta care au nevoie de familii ... catei de toate categoriile, varstele si modelele... multi catei... unii sunt norocosi si sunt adoptati mai repede, altii asteapta mai mult timp, unii asteapta toata viata, altii nu au posibilitatea sa astepte intrucat exista si calaii cainilor.

Eu sunt unul dintre acei catei norocosi care au scapat ""de securea calailor"", acum visez sa mai fac un pas si sa nu ma incadrez in categorie cainilor care asteapta o viata intreaga o familie. De ce spun asta? Sunt un catel adult, negru de talie medie... din pacate, atat vad oamenii in mine. Intereseaza pe cineva ca am multe de oferit? ca sunt o catelusa iubitoare cu oamenii, prietenoasa, docila si toleranta cu alti catei? sau ca am o personalitate linistita si echilibrata? Da, eu sunt Mura, o catelusa minunata si astept omul care sa-si doreasca sa imi ofere o familie si sa vada dincolo de culoarea blanitei mele, sufletul meu frumos.","wix:image://v1/313291_4a2ca565ef4e40c3ad918c0304f79ee8~mv2.jpg/mura1.jpg#originWidth=257&originHeight=373","[{""description"":"""",""slug"":""313291_4a2ca565ef4e40c3ad918c0304f79ee8~mv2.jpg"",""alt"":"""",""src"":""wix:image://v1/313291_4a2ca565ef4e40c3ad918c0304f79ee8~mv2.jpg/mura1.jpg#originWidth=257&originHeight=373"",""title"":""mura1.jpg"",""type"":""image"",""settings"":{""width"":257,""height"":373,""focalPoint"":[0.5,0.5]}},{""description"":"""",""slug"":""313291_c782a9f9fe5949f7b4afafabb924d56d~mv2.jpg"",""alt"":"""",""src"":""wix:image://v1/313291_c782a9f9fe5949f7b4afafabb924d56d~mv2.jpg/mura2.jpg#originWidth=257&originHeight=266"",""title"":""mura2.jpg"",""type"":""image"",""settings"":{""width"":257,""height"":266,""focalPoint"":[0.5,0.5]}},{""description"":"""",""slug"":""313291_4c74365829ca49b29012a4c0cb590e48~mv2.jpg"",""alt"":"""",""src"":""wix:image://v1/313291_4c74365829ca49b29012a4c0cb590e48~mv2.jpg/mura3.jpg#originWidth=257&originHeight=174"",""title"":""mura3.jpg"",""type"":""image"",""settings"":{""width"":257,""height"":174,""focalPoint"":[0.5,0.5]}},{""description"":"""",""slug"":""313291_801e6d39798841e7af89f89c4a85c68c~mv2.jpg"",""alt"":"""",""src"":""wix:image://v1/313291_801e6d39798841e7af89f89c4a85c68c~mv2.jpg/mura4.jpg#originWidth=257&originHeight=241"",""title"":""mura4.jpg"",""type"":""image"",""settings"":{""width"":257,""height"":241,""focalPoint"":[0.5,0.5]}},{""description"":"""",""slug"":""313291_d73f4a8a50874095ad90454515f1e9ca~mv2.jpg"",""alt"":"""",""src"":""wix:image://v1/313291_d73f4a8a50874095ad90454515f1e9ca~mv2.jpg/mura5.jpg#originWidth=257&originHeight=373"",""title"":""mura5.jpg"",""type"":""image"",""settings"":{""width"":257,""height"":373,""focalPoint"":[0.5,0.5]}},{""description"":"""",""slug"":""313291_5117271cb3ef4efaba01137ac811f6d4~mv2.jpg"",""alt"":"""",""src"":""wix:image://v1/313291_5117271cb3ef4efaba01137ac811f6d4~mv2.jpg/mura6.jpg#originWidth=257&originHeight=192"",""title"":""mura6.jpg"",""type"":""image"",""settings"":{""width"":257,""height"":192,""focalPoint"":[0.5,0.5]}}]",,"/adoptii-caini/","/adoptii-caini/mura","0fd2475c-1a95-469a-a48d-4bc30de7b0a2",2024-04-04T20:58:17Z,2026-02-08T19:54:47Z,"31329177-7717-416d-a193-71cad58cf27c",39
"Sheba","13 ani","Mare","Femela","Docila si afectuoasa","Vaccinata, sterilizata","Sheba este o catelusa foarte iubitoare, inteligenta si docila, se intelege de minune cu alti catei.
 

Adoptia se realizeaza in Bucuresti sau imprejurimi.","wix:image://v1/313291_bef36272860f44cd9113eb3cac9ddaf5~mv2.webp/sheba1.webp#originWidth=582&originHeight=776","[{""description"":"""",""slug"":""313291_bef36272860f44cd9113eb3cac9ddaf5~mv2.webp"",""alt"":"""",""src"":""wix:image://v1/313291_bef36272860f44cd9113eb3cac9ddaf5~mv2.webp/sheba1.webp#originWidth=582&originHeight=776"",""title"":""sheba1.webp"",""type"":""image"",""settings"":{""width"":582,""height"":776,""focalPoint"":[0.5,0.5]}}]",,"/adoptii-caini/","/adoptii-caini/sheba","19cc542c-9a31-481e-aaaa-06497792c269",2024-04-04T21:37:49Z,2026-02-08T19:55:59Z,"31329177-7717-416d-a193-71cad58cf27c",40
"Niva","10 ani","Mare","Femela","Inteligenta si docila","Vaccinata, sterilizata","Niva este foarte inteligenta, iubitoare si docila, adora omul si se intelege de minune cu alti catei. Primul an din viata si l-a petrecut in lant pana cand a fost abandonata si am salvat-o noi, avea atunci o rana de toata ""frumusetea"" la gat si babesioza. Asta se intampla cu 2 ani in urma si de atunci este in grija noastra si ii cautam om pt care catelul este membru al familiei!","wix:image://v1/313291_3f34e994046d4b0ca7fb5fc44e16273f~mv2.webp/niva1.webp#originWidth=589&originHeight=738","[{""description"":"""",""slug"":""313291_3f34e994046d4b0ca7fb5fc44e16273f~mv2.webp"",""alt"":"""",""src"":""wix:image://v1/313291_3f34e994046d4b0ca7fb5fc44e16273f~mv2.webp/niva1.webp#originWidth=589&originHeight=738"",""title"":""niva1.webp"",""type"":""image"",""settings"":{""width"":589,""height"":738,""focalPoint"":[0.5,0.5]}},{""description"":"""",""slug"":""313291_435aea7a2da9412e9fc06bcc95104565~mv2.webp"",""alt"":"""",""src"":""wix:image://v1/313291_435aea7a2da9412e9fc06bcc95104565~mv2.webp/niva2.webp#originWidth=554&originHeight=738"",""title"":""niva2.webp"",""type"":""image"",""settings"":{""width"":554,""height"":738,""focalPoint"":[0.5,0.5]}},{""description"":"""",""slug"":""313291_ec41e39f63184dc4b9cec2bcd9986439~mv2.webp"",""alt"":"""",""src"":""wix:image://v1/313291_ec41e39f63184dc4b9cec2bcd9986439~mv2.webp/niva3.webp#originWidth=480&originHeight=594"",""title"":""niva3.webp"",""type"":""image"",""settings"":{""width"":480,""height"":594,""focalPoint"":[0.5,0.5]}},{""description"":"""",""slug"":""313291_636538c4aac344718b6e9cc067869c1e~mv2.webp"",""alt"":"""",""src"":""wix:image://v1/313291_636538c4aac344718b6e9cc067869c1e~mv2.webp/niva4.webp#originWidth=535&originHeight=738"",""title"":""niva4.webp"",""type"":""image"",""settings"":{""width"":535,""height"":738,""focalPoint"":[0.5,0.5]}},{""description"":"""",""slug"":""313291_b548954fb0fd4724a352107c2105860d~mv2.webp"",""alt"":"""",""src"":""wix:image://v1/313291_b548954fb0fd4724a352107c2105860d~mv2.webp/niva5.webp#originWidth=582&originHeight=776"",""title"":""niva5.webp"",""type"":""image"",""settings"":{""width"":582,""height"":776,""focalPoint"":[0.5,0.5]}},{""description"":"""",""slug"":""313291_cbf3b2b9f9344293a8967f65db85759c~mv2.webp"",""alt"":"""",""src"":""wix:image://v1/313291_cbf3b2b9f9344293a8967f65db85759c~mv2.webp/niva6.webp#originWidth=582&originHeight=776"",""title"":""niva6.webp"",""type"":""image"",""settings"":{""width"":582,""height"":776,""focalPoint"":[0.5,0.5]}},{""description"":"""",""slug"":""313291_46c66e54218d46c4882ba8b4b647726f~mv2.webp"",""alt"":"""",""src"":""wix:image://v1/313291_46c66e54218d46c4882ba8b4b647726f~mv2.webp/niva7.webp#originWidth=582&originHeight=776"",""title"":""niva7.webp"",""type"":""image"",""settings"":{""width"":582,""height"":776,""focalPoint"":[0.5,0.5]}},{""description"":"""",""slug"":""313291_411fcd8c5d72433eab2d08413827f5b9~mv2.webp"",""alt"":"""",""src"":""wix:image://v1/313291_411fcd8c5d72433eab2d08413827f5b9~mv2.webp/niva8.webp#originWidth=480&originHeight=776"",""title"":""niva8.webp"",""type"":""image"",""settings"":{""width"":480,""height"":776,""focalPoint"":[0.5,0.5]}},{""description"":"""",""slug"":""313291_e1dcdb30548f40a092c3366f0d982702~mv2.webp"",""alt"":"""",""src"":""wix:image://v1/313291_e1dcdb30548f40a092c3366f0d982702~mv2.webp/niva9.webp#originWidth=864&originHeight=776"",""title"":""niva9.webp"",""type"":""image"",""settings"":{""width"":864,""height"":776,""focalPoint"":[0.5,0.5]}},{""description"":"""",""slug"":""313291_7237dbb291b94aa9a65f806cf5ce1e57~mv2.webp"",""alt"":"""",""src"":""wix:image://v1/313291_7237dbb291b94aa9a65f806cf5ce1e57~mv2.webp/niva10.webp#originWidth=582&originHeight=776"",""title"":""niva10.webp"",""type"":""image"",""settings"":{""width"":582,""height"":776,""focalPoint"":[0.5,0.5]}},{""description"":"""",""slug"":""313291_b4d5d7bf7e52482e9305f07523011092~mv2.webp"",""alt"":"""",""src"":""wix:image://v1/313291_b4d5d7bf7e52482e9305f07523011092~mv2.webp/niva11.webp#originWidth=582&originHeight=776"",""title"":""niva11.webp"",""type"":""image"",""settings"":{""width"":582,""height"":776,""focalPoint"":[0.5,0.5]}},{""description"":"""",""slug"":""313291_58382f42399c4509aef2a0561e6ee363~mv2.webp"",""alt"":"""",""src"":""wix:image://v1/313291_58382f42399c4509aef2a0561e6ee363~mv2.webp/niva12.webp#originWidth=451&originHeight=776"",""title"":""niva12.webp"",""type"":""image"",""settings"":{""width"":451,""height"":776,""focalPoint"":[0.5,0.5]}}]","https://www.facebook.com/Hope.Animal.Protection.Organization/videos/1185030451575732","/adoptii-caini/","/adoptii-caini/niva","21e0e331-af8e-4504-bfe9-7c3d5187b025",2024-04-04T21:19:45Z,2026-02-08T19:54:36Z,"31329177-7717-416d-a193-71cad58cf27c",36
"Brianna","10 ani","Mare","Femela","Jucausa si afectuoasa","Vaccinata, sterilizata","Brianna de adoptat si iubit! Blanita de catifea cauta om bun care sa o primeasca in casa si in suflet. Printesa Brianna este activa si are multa energie de consumat dar la fel de multa dragoste de oferit. Se intelege cu alti catei si este chiar indicat sa aiba drept companie un blanos cu care sa se joace. Adoptia se realizeaza in Bucuresti si imprejurimi doar cu persoane iubitoare de animale pentru care catelul este membru al familiei cu drepturi depline.","wix:image://v1/313291_df55c72679654494b7b399eb3be56ee5~mv2.jpg/brianna1.jpg#originWidth=199&originHeight=263","[{""description"":"""",""slug"":""313291_df55c72679654494b7b399eb3be56ee5~mv2.jpg"",""alt"":"""",""src"":""wix:image://v1/313291_df55c72679654494b7b399eb3be56ee5~mv2.jpg/brianna1.jpg#originWidth=199&originHeight=263"",""title"":""brianna1.jpg"",""type"":""image"",""settings"":{""width"":199,""height"":263,""focalPoint"":[0.5,0.5]}},{""description"":"""",""slug"":""313291_ced482cfd82c4059a4654277623fd8bd~mv2.jpg"",""alt"":"""",""src"":""wix:image://v1/313291_ced482cfd82c4059a4654277623fd8bd~mv2.jpg/brianna2.jpg#originWidth=199&originHeight=265"",""title"":""brianna2.jpg"",""type"":""image"",""settings"":{""width"":199,""height"":265,""focalPoint"":[0.5,0.5]}},{""description"":"""",""slug"":""313291_d37d64afb5904cdfba2bd2405f19e71b~mv2.jpg"",""alt"":"""",""src"":""wix:image://v1/313291_d37d64afb5904cdfba2bd2405f19e71b~mv2.jpg/brianna3.jpg#originWidth=199&originHeight=149"",""title"":""brianna3.jpg"",""type"":""image"",""settings"":{""width"":199,""height"":149,""focalPoint"":[0.5,0.5]}},{""description"":"""",""slug"":""313291_0be6e74f73d149dab303c126427efb8a~mv2.jpg"",""alt"":"""",""src"":""wix:image://v1/313291_0be6e74f73d149dab303c126427efb8a~mv2.jpg/brianna4.jpg#originWidth=199&originHeight=149"",""title"":""brianna4.jpg"",""type"":""image"",""settings"":{""width"":199,""height"":149,""focalPoint"":[0.5,0.5]}}]","https://www.facebook.com/Hope.Animal.Protection.Organization/videos/1725603960851709","/adoptii-caini/","/adoptii-caini/brianna","283cc016-9bff-4de1-9509-f0c57aff742c",2024-04-04T21:23:37Z,2026-02-08T19:50:28Z,"31329177-7717-416d-a193-71cad58cf27c",24
"Lacey","10 ani","Medie","Femela","Blanda si afectuoasa","Vaccinata, sterilizata","Lacey este o minunatie de catelusa ... calma, blanda, iubitoare... ea e Lacey a noastra, care isi doreste un singur lucru: sa aiba un om al ei, pe care il va iubi asa cum doar un catel stie sa o faca: neconditionat si pentru toata viata. 
Pe noi ne topeste cu privirea ei calda si inteligenta, cu gesturile ei de tandrete, cu bucuria si gingasia pe care le emana si speram ca undeva exista un om bun, iubitor si responsabil care sa-i ofere un camin.","wix:image://v1/313291_380b8e77a874465e84973da26681c81e~mv2.jpg/lacey1.jpg#originWidth=254&originHeight=293","[{""description"":"""",""slug"":""313291_380b8e77a874465e84973da26681c81e~mv2.jpg"",""alt"":"""",""src"":""wix:image://v1/313291_380b8e77a874465e84973da26681c81e~mv2.jpg/lacey1.jpg#originWidth=254&originHeight=293"",""title"":""lacey1.jpg"",""type"":""image"",""settings"":{""width"":254,""height"":293,""focalPoint"":[0.5,0.5]}},{""description"":"""",""slug"":""313291_70c22601a1ae4101baaacbcf1d1c2415~mv2.jpg"",""alt"":"""",""src"":""wix:image://v1/313291_70c22601a1ae4101baaacbcf1d1c2415~mv2.jpg/lacey2.jpg#originWidth=254&originHeight=338"",""title"":""lacey2.jpg"",""type"":""image"",""settings"":{""width"":254,""height"":338,""focalPoint"":[0.5,0.5]}},{""description"":"""",""slug"":""313291_0037d09a477a45b09e1970dab7a7def8~mv2.jpg"",""alt"":"""",""src"":""wix:image://v1/313291_0037d09a477a45b09e1970dab7a7def8~mv2.jpg/lacey3.jpg#originWidth=254&originHeight=313"",""title"":""lacey3.jpg"",""type"":""image"",""settings"":{""width"":254,""height"":313,""focalPoint"":[0.5,0.5]}},{""description"":"""",""slug"":""313291_8cbac9bc137440adb775fba39cb3bfa5~mv2.jpg"",""alt"":"""",""src"":""wix:image://v1/313291_8cbac9bc137440adb775fba39cb3bfa5~mv2.jpg/lacey4.jpg#originWidth=254&originHeight=338"",""title"":""lacey4.jpg"",""type"":""image"",""settings"":{""width"":254,""height"":338,""focalPoint"":[0.5,0.5]}}]","https://www.facebook.com/Hope.Animal.Protection.Organization/videos/1244399205638856","/adoptii-caini/","/adoptii-caini/lacey","2dcfa0da-7943-4f9c-a8e3-fc15e31f53e6",2024-04-04T20:55:45Z,2026-02-08T19:47:52Z,"31329177-7717-416d-a193-71cad58cf27c",31
"Irma","8 ani","Mare","Femela","Afectuoasa","Vaccinata si sterilizata","Irma est o catelusa de talie mare, are 3 ani, este foarte prietenoasa si iubitoare cu oamenii si sociabila cu alti catei.

Ii cautam o familie responsabila pentru care catelul este un membru al familiei.","wix:image://v1/313291_60b2b5592cc74a4985e4ae2fc2d86536~mv2.webp/irma1.webp#originWidth=595&originHeight=738","[{""description"":"""",""slug"":""313291_60b2b5592cc74a4985e4ae2fc2d86536~mv2.webp"",""alt"":"""",""src"":""wix:image://v1/313291_60b2b5592cc74a4985e4ae2fc2d86536~mv2.webp/irma1.webp#originWidth=595&originHeight=738"",""title"":""irma1.webp"",""type"":""image"",""settings"":{""width"":595,""height"":738,""focalPoint"":[0.5,0.5]}},{""description"":"""",""slug"":""313291_745b72d5692449629d98e49fe64b64d0~mv2.webp"",""alt"":"""",""src"":""wix:image://v1/313291_745b72d5692449629d98e49fe64b64d0~mv2.webp/irma2.webp#originWidth=570&originHeight=738"",""title"":""irma2.webp"",""type"":""image"",""settings"":{""width"":570,""height"":738,""focalPoint"":[0.5,0.5]}},{""description"":"""",""slug"":""313291_578ec6b45cda4db39ac580d74262f394~mv2.webp"",""alt"":"""",""src"":""wix:image://v1/313291_578ec6b45cda4db39ac580d74262f394~mv2.webp/irma3.webp#originWidth=554&originHeight=738"",""title"":""irma3.webp"",""type"":""image"",""settings"":{""width"":554,""height"":738,""focalPoint"":[0.5,0.5]}},{""description"":"""",""slug"":""313291_aa0be600d6ee4278b68a6705325a0386~mv2.webp"",""alt"":"""",""src"":""wix:image://v1/313291_aa0be600d6ee4278b68a6705325a0386~mv2.webp/irma4.webp#originWidth=828&originHeight=621"",""title"":""irma4.webp"",""type"":""image"",""settings"":{""width"":828,""height"":621,""focalPoint"":[0.5,0.5]}}]",,"/adoptii-caini/","/adoptii-caini/irma","38293011-aa55-499f-8bce-8c26d0df1a96",2024-04-04T21:28:58Z,2026-02-08T19:56:45Z,"31329177-7717-416d-a193-71cad58cf27c",18
"Zelda","8 luni","Medie","Femela","Docila si afectuoasa","Vaccinata, sterilizata","🐾 ZELDA – privirea care spune tot

Zelda te cucerește dintr-o privire. Este o cățelușă inteligentă, atentă și foarte atașată de cei din jurul ei. Observă tot, învață repede și caută mereu conexiunea cu oamenii.
Are aproximativ 8 luni, este de talie medie (≈15 kg) și este gata de adopție: deparazitată, vaccinată și sterilizată.
Zelda își caută familia ei – una care să-i ofere stabilitate, iubire și un viitor frumos.

📍 Adopție în București sau împrejurimi","wix:image://v1/23c494_3398715a5e56475cbb7db652c0f2eb7d~mv2.jpg/Zelda%208%20luni.jpg#originWidth=1442&originHeight=2048","[{""description"":"""",""fileName"":""Zelda 8 luni.jpg"",""slug"":""23c494_3398715a5e56475cbb7db652c0f2eb7d~mv2.jpg"",""alt"":"""",""src"":""wix:image://v1/23c494_3398715a5e56475cbb7db652c0f2eb7d~mv2.jpg/Zelda%25208%2520luni.jpg#originWidth=1442&originHeight=2048"",""title"":""Zelda 8 luni.jpg"",""type"":""image"",""settings"":{""width"":1442,""height"":2048,""focalPoint"":[0.5,0.5]}}]",,"/adoptii-caini/","/adoptii-caini/zelda","40c77a29-eb7e-43ff-9ed5-5c2dc7133908",2026-02-08T17:56:48Z,2026-02-08T19:47:52Z,"23c49494-5a15-4979-b6f5-22839a07d7fc",8
"Zamira","7 ani","Mare","Femela","Sociabila si jucausa","Vaccinata, sterilizata","Zamira este metis de Schnauzer; este mare, frumoasa, inteligenta, afectuoasa, jucausa si energica. O avem in grija de cand avea o luna si un pic cand a fost abandonata impreuna cu mamica ei in preajma adapostului nostru. Nu a intrebat nimeni vreodata de ea desi este o minune de catelusa. 
Zamira este vaccinata, sterilizata, microcipata.
Ii cautam familie iubitoare si responsabila in Bucuresti si imprejurimi.","wix:image://v1/313291_934c7eb3e43143fb8e9258a5c90f0b0a~mv2.webp/zamira1.webp#originWidth=463&originHeight=688","[{""description"":"""",""slug"":""313291_934c7eb3e43143fb8e9258a5c90f0b0a~mv2.webp"",""alt"":"""",""src"":""wix:image://v1/313291_934c7eb3e43143fb8e9258a5c90f0b0a~mv2.webp/zamira1.webp#originWidth=463&originHeight=688"",""title"":""zamira1.webp"",""type"":""image"",""settings"":{""width"":463,""height"":688,""focalPoint"":[0.5,0.5]}},{""description"":"""",""slug"":""313291_4bbef74d4ab34c56b92ef72320361c0b~mv2.webp"",""alt"":"""",""src"":""wix:image://v1/313291_4bbef74d4ab34c56b92ef72320361c0b~mv2.webp/zamira2.webp#originWidth=521&originHeight=738"",""title"":""zamira2.webp"",""type"":""image"",""settings"":{""width"":521,""height"":738,""focalPoint"":[0.5,0.5]}},{""description"":"""",""slug"":""313291_14ea643d78464bcd869580aab1896d1f~mv2.webp"",""alt"":"""",""src"":""wix:image://v1/313291_14ea643d78464bcd869580aab1896d1f~mv2.webp/zamira3.webp#originWidth=593&originHeight=731"",""title"":""zamira3.webp"",""type"":""image"",""settings"":{""width"":593,""height"":731,""focalPoint"":[0.5,0.5]}},{""description"":"""",""slug"":""313291_da0b9a954a9d4cb09c37746245a92a4a~mv2.webp"",""alt"":"""",""src"":""wix:image://v1/313291_da0b9a954a9d4cb09c37746245a92a4a~mv2.webp/zamira4.webp#originWidth=548&originHeight=738"",""title"":""zamira4.webp"",""type"":""image"",""settings"":{""width"":548,""height"":738,""focalPoint"":[0.5,0.5]}},{""description"":"""",""slug"":""313291_35894c13709d4636b6a99555a4e40596~mv2.webp"",""alt"":"""",""src"":""wix:image://v1/313291_35894c13709d4636b6a99555a4e40596~mv2.webp/zamira5.webp#originWidth=508&originHeight=639"",""title"":""zamira5.webp"",""type"":""image"",""settings"":{""width"":508,""height"":639,""focalPoint"":[0.5,0.5]}}]",,"/adoptii-caini/","/adoptii-caini/zamira","41aa5be2-ddd6-42a4-acfb-6b6ff319b8a2",2024-04-04T21:08:46Z,2026-02-08T19:47:52Z,"31329177-7717-416d-a193-71cad58cf27c",15
"Panda","13 ani","Medie","Femela","Timida si sfioasa","Vaccinata, sterilizata","Eu sunt Panda si am fost salvata din strada in timpul gerului mare din Decembrie 2015 cand eram o mogaldeata. Nu prea realizez prin ce pericol am trecut, stiu doar ca imi era foame si frig, apoi am ajuns intr-un loc unde am primit mancarica buna si nu mi-a mai fost frig.

Intre timp am crescut, am descoperit oamenii care imi ofera afectiune, dar o perioada de timp nu am stiut sa ma bucur complet de ea, la inceput am fost speriata, acum sunt doar usor timida, dar sunt pe drumul cel bun, dau din codita cand sunt in preajma oamenilor si imi place sa fiu mangaiata.

Sunt convinsa ca atunci cand o sa am familia mea o sa fiu o catelusa iubitoare, trebuie doar un pic de rabdare din partea ta, omule bun, ca sa ma acomodez cu tine si cu noul mediu.","wix:image://v1/313291_c6e614dcf54f4eb2962ee0d146c42c21~mv2.jpg/panda1.jpg#originWidth=278&originHeight=370","[{""description"":"""",""slug"":""313291_c6e614dcf54f4eb2962ee0d146c42c21~mv2.jpg"",""alt"":"""",""src"":""wix:image://v1/313291_c6e614dcf54f4eb2962ee0d146c42c21~mv2.jpg/panda1.jpg#originWidth=278&originHeight=370"",""title"":""panda1.jpg"",""type"":""image"",""settings"":{""width"":278,""height"":370,""focalPoint"":[0.5,0.5]}},{""description"":"""",""slug"":""313291_83f4ee39534846bba84c5b253ca3cc13~mv2.jpg"",""alt"":"""",""src"":""wix:image://v1/313291_83f4ee39534846bba84c5b253ca3cc13~mv2.jpg/panda2.jpg#originWidth=278&originHeight=192"",""title"":""panda2.jpg"",""type"":""image"",""settings"":{""width"":278,""height"":192,""focalPoint"":[0.5,0.5]}},{""description"":"""",""slug"":""313291_93a25ce0ea47450a850b3eaf97095a7a~mv2.jpg"",""alt"":"""",""src"":""wix:image://v1/313291_93a25ce0ea47450a850b3eaf97095a7a~mv2.jpg/panda3.jpg#originWidth=278&originHeight=232"",""title"":""panda3.jpg"",""type"":""image"",""settings"":{""width"":278,""height"":232,""focalPoint"":[0.5,0.5]}},{""description"":"""",""slug"":""313291_741ee1867c1b4adab128ead6f7a85244~mv2.jpg"",""alt"":"""",""src"":""wix:image://v1/313291_741ee1867c1b4adab128ead6f7a85244~mv2.jpg/panda4.jpg#originWidth=278&originHeight=206"",""title"":""panda4.jpg"",""type"":""image"",""settings"":{""width"":278,""height"":206,""focalPoint"":[0.5,0.5]}}]",,"/adoptii-caini/","/adoptii-caini/panda","44338ca9-9996-4e33-91d0-73f0473cec48",2024-04-04T21:03:25Z,2026-02-08T19:55:08Z,"31329177-7717-416d-a193-71cad58cf27c",38
"Samson","6 ani","Mare","Mascul","Afectuos","Vaccinat si castrat","Samson - marele blond, pe cat e de mare (40 kg), pe atat e de bland si de afectuos cu oamenii, in plus se intelege f bine cu alti catei. Are un an de zile si ii cautam oameni responsabili pt care catelul este membru al familiei si nu un paznic al curtii intr-un cotet.","wix:image://v1/313291_4a4e175c061b449eb83737d3f64d24b2~mv2.webp/samson1.webp#originWidth=1020&originHeight=738","[{""description"":"""",""slug"":""313291_4a4e175c061b449eb83737d3f64d24b2~mv2.webp"",""alt"":"""",""src"":""wix:image://v1/313291_4a4e175c061b449eb83737d3f64d24b2~mv2.webp/samson1.webp#originWidth=1020&originHeight=738"",""title"":""samson1.webp"",""type"":""image"",""settings"":{""width"":1020,""height"":738,""focalPoint"":[0.5,0.5]}},{""description"":"""",""slug"":""313291_e0b88e8fa9154eeea016c2d7a03430be~mv2.webp"",""alt"":"""",""src"":""wix:image://v1/313291_e0b88e8fa9154eeea016c2d7a03430be~mv2.webp/samson2.webp#originWidth=488&originHeight=738"",""title"":""samson2.webp"",""type"":""image"",""settings"":{""width"":488,""height"":738,""focalPoint"":[0.5,0.5]}},{""description"":"""",""slug"":""313291_24faafdce40949df9daf0ef48d289d5a~mv2.webp"",""alt"":"""",""src"":""wix:image://v1/313291_24faafdce40949df9daf0ef48d289d5a~mv2.webp/samson3.webp#originWidth=578&originHeight=738"",""title"":""samson3.webp"",""type"":""image"",""settings"":{""width"":578,""height"":738,""focalPoint"":[0.5,0.5]}}]",,"/adoptii-caini/","/adoptii-caini/samson","453cbf60-8e28-4614-9aac-4a43b66c6143",2024-04-04T21:26:38Z,2026-02-08T19:47:52Z,"31329177-7717-416d-a193-71cad58cf27c",16
"Chelsy","10 ani","Medie","Femela","Energica si afectuoasa","Vaccinata, sterilizata","Numele meu este Chelsy, nu va voi spune o noutate despre soarta cateilor nascuti in gospodariile rurale... catelusele nu sunt sterilizate, ca atare, puii rezultati sunt aruncati pe campuri.

Asa am patit eu si cele trei surioare ale mele.

​In concluzie am fost salvata de la o moarte sigura, iar acum e randul vostru sa ma ajutati sa imi gasesc o familie, cineva care doreste sa imi ofere o casuta cu iubire si responsabilitate. Despre mine ce sa va spun, sunt jucausa si dornica de afectiune.","wix:image://v1/313291_07fe7e1e83a246a7bcae476682e8bba6~mv2.jpg/chelsy1.jpg#originWidth=397&originHeight=529","[{""description"":"""",""slug"":""313291_07fe7e1e83a246a7bcae476682e8bba6~mv2.jpg"",""alt"":"""",""src"":""wix:image://v1/313291_07fe7e1e83a246a7bcae476682e8bba6~mv2.jpg/chelsy1.jpg#originWidth=397&originHeight=529"",""title"":""chelsy1.jpg"",""type"":""image"",""settings"":{""width"":397,""height"":529,""focalPoint"":[0.5,0.5]}}]",,"/adoptii-caini/","/adoptii-caini/chelsy","5e01636f-62ac-40fb-ace3-9539db13796e",2024-04-04T21:01:04Z,2026-02-08T19:55:55Z,"31329177-7717-416d-a193-71cad58cf27c",32
"Panduru","13 ani","Mare","Mascul","Timid si afectuos","Vaccinat, sterilizat","Panduru est un catel sociabil si prietenos, usor timid care se intelege bine cu alti catei. ","wix:image://v1/313291_50db22ca1d504f2b904d8e67b8be0502~mv2.webp/panduru1.webp#originWidth=571&originHeight=738","[{""description"":"""",""slug"":""313291_50db22ca1d504f2b904d8e67b8be0502~mv2.webp"",""alt"":"""",""src"":""wix:image://v1/313291_50db22ca1d504f2b904d8e67b8be0502~mv2.webp/panduru1.webp#originWidth=571&originHeight=738"",""title"":""panduru1.webp"",""type"":""image"",""settings"":{""width"":571,""height"":738,""focalPoint"":[0.5,0.5]}}]",,"/adoptii-caini/","/adoptii-caini/panduru","645ed130-8460-4f09-8ab5-ed04b44db12d",2024-04-04T21:36:16Z,2026-02-08T19:54:37Z,"31329177-7717-416d-a193-71cad58cf27c",37
"Parpanghel","6 ani","Medie","Mascul","Jucaus si afectuos","Vaccinat si deparazitat","Dupa cum spune si numele, Parpanghel este un catel personaj, f vesel, jucaus, activ dar si foarte iubitor, te ia la propriu in brate sa te pupe si sa te iubeasca. Ii cautam oameni care sa il primeasca in casa si in suflet.","wix:image://v1/313291_ec4f0bdaacf34379afaf9c3539ee597b~mv2.jpg/parpanghel1.jpg#originWidth=204&originHeight=278","[{""description"":"""",""slug"":""313291_ec4f0bdaacf34379afaf9c3539ee597b~mv2.jpg"",""alt"":"""",""src"":""wix:image://v1/313291_ec4f0bdaacf34379afaf9c3539ee597b~mv2.jpg/parpanghel1.jpg#originWidth=204&originHeight=278"",""title"":""parpanghel1.jpg"",""type"":""image"",""settings"":{""width"":204,""height"":278,""focalPoint"":[0.5,0.5]}},{""description"":"""",""slug"":""313291_fb6b57139fae42cbbea5f05acb88af77~mv2.jpg"",""alt"":"""",""src"":""wix:image://v1/313291_fb6b57139fae42cbbea5f05acb88af77~mv2.jpg/parpanghel2.jpg#originWidth=204&originHeight=252"",""title"":""parpanghel2.jpg"",""type"":""image"",""settings"":{""width"":204,""height"":252,""focalPoint"":[0.5,0.5]}}]",,"/adoptii-caini/","/adoptii-caini/parpanghel","6cc20908-bd6f-412e-84f5-c0c7ae349e36",2024-04-04T20:43:23Z,2026-02-08T19:56:47Z,"31329177-7717-416d-a193-71cad58cf27c",17
"Aramis","10 ani","Mica","Mascul","Timid si afectuos","Vaccinat, sterilizat","Aramis este de talie mica spre medie, are 4 ani si este in grija noastra de cand era o mogdeata de o luna si un pic. Si-a petrecut copilaria in adapost, e trist si nedrept sa-si petreaca intreaga viata aici, sa nu se bucure de un cosulet pufos si de dragostea unui om al lui.Athos est un catel timid iar  mediul ideal pentru el ar fi sa locuiasca la curte dar nu in cotet ci in casa cu omul, S-ar adapta mai usor la schimbarea de mediu printr-o adoptie la curte decat la apartament, unde ar interveni, plimbarile in lesa, zgomotele masinilor etc, lucuri noi pt el.","wix:image://v1/313291_09780458022444e28c473ecf9b8b9cbc~mv2.webp/aramis1.webp#originWidth=554&originHeight=738","[{""description"":"""",""slug"":""313291_09780458022444e28c473ecf9b8b9cbc~mv2.webp"",""alt"":"""",""src"":""wix:image://v1/313291_09780458022444e28c473ecf9b8b9cbc~mv2.webp/aramis1.webp#originWidth=554&originHeight=738"",""title"":""aramis1.webp"",""type"":""image"",""settings"":{""width"":554,""height"":738,""focalPoint"":[0.5,0.5]}},{""description"":"""",""slug"":""313291_d33d9b7c993a423e93db5d62a79b8b95~mv2.webp"",""alt"":"""",""src"":""wix:image://v1/313291_d33d9b7c993a423e93db5d62a79b8b95~mv2.webp/aramis2.webp#originWidth=554&originHeight=738"",""title"":""aramis2.webp"",""type"":""image"",""settings"":{""width"":554,""height"":738,""focalPoint"":[0.5,0.5]}},{""description"":"""",""slug"":""313291_235ff671ebef4bba89df335dfa48d74a~mv2.webp"",""alt"":"""",""src"":""wix:image://v1/313291_235ff671ebef4bba89df335dfa48d74a~mv2.webp/aramis3.webp#originWidth=554&originHeight=738"",""title"":""aramis3.webp"",""type"":""image"",""settings"":{""width"":554,""height"":738,""focalPoint"":[0.5,0.5]}}]","https://www.facebook.com/Hope.Animal.Protection.Organization/videos/1691257557619683","/adoptii-caini/","/adoptii-caini/aramis","7069f983-f37d-4835-ad53-1bd8202a9df2",2024-04-04T20:22:05Z,2026-02-08T19:50:12Z,"31329177-7717-416d-a193-71cad58cf27c",23
"Ava","8 luni","Medie","Femela","Docila si afectuoasa","Vaccinata, sterilizata","Ava este o fetiță curajoasă și echilibrată, cea care face primul pas atunci când apare ceva nou. Deși viața nu a început ușor pentru ea, Ava a crescut într-o cățelușă blândă, atentă și dornică de apropiere.
Are aproximativ 8 luni, este de talie medie (≈15 kg) și este pregătită să plece acasă: deparazitată, vaccinată și sterilizată.
Ava își caută omul ei – unul care să-i ofere siguranță, răbdare și un loc pe care să-l numească „acasă”.

📍 Adopție în București sau împrejurimi","wix:image://v1/23c494_6768edc0bb13459f8daa9464946bc6a6~mv2.jpg/Ava%208%20luni_edited.jpg#originWidth=1039&originHeight=1479","[{""description"":"""",""fileName"":""Ava 8 luni.jpg"",""slug"":""23c494_76bc8bd1464a41cc8142dfbf442d3368~mv2.jpg"",""alt"":"""",""src"":""wix:image://v1/23c494_76bc8bd1464a41cc8142dfbf442d3368~mv2.jpg/Ava%25208%2520luni.jpg#originWidth=1039&originHeight=1884"",""title"":""Ava 8 luni.jpg"",""type"":""image"",""settings"":{""width"":1039,""height"":1884,""focalPoint"":[0.5,0.5]}}]",,"/adoptii-caini/","/adoptii-caini/ava","70bf32db-f88a-4af0-82d8-e4e7f538deae",2026-02-08T17:49:22Z,2026-02-12T11:22:44Z,"23c49494-5a15-4979-b6f5-22839a07d7fc",5
"Helga","10 ani","Medie","Femela","Vesela si afectuoasa","Vaccinata, sterilizata","Helga este o catelusa vesela, energica, se intelege bine cu alti catei si iubeste oamenii in ciuda faptului ca a fost abandonata in fata unei statii de autobuz. Helga este de talie medie si are in jur de 4 ani.","wix:image://v1/313291_73a0d5f38f52495c976d387f708a5736~mv2.jpg/helga1.jpg#originWidth=263&originHeight=350","[{""description"":"""",""slug"":""313291_73a0d5f38f52495c976d387f708a5736~mv2.jpg"",""alt"":"""",""src"":""wix:image://v1/313291_73a0d5f38f52495c976d387f708a5736~mv2.jpg/helga1.jpg#originWidth=263&originHeight=350"",""title"":""helga1.jpg"",""type"":""image"",""settings"":{""width"":263,""height"":350,""focalPoint"":[0.5,0.5]}},{""description"":"""",""slug"":""313291_f957fc9e64324f6b96e2d99e2d4b3f9d~mv2.jpg"",""alt"":"""",""src"":""wix:image://v1/313291_f957fc9e64324f6b96e2d99e2d4b3f9d~mv2.jpg/helga2.jpg#originWidth=263&originHeight=350"",""title"":""helga2.jpg"",""type"":""image"",""settings"":{""width"":263,""height"":350,""focalPoint"":[0.5,0.5]}},{""description"":"""",""slug"":""313291_f9b7085be7874de9b2c3a5717de5013b~mv2.jpg"",""alt"":"""",""src"":""wix:image://v1/313291_f9b7085be7874de9b2c3a5717de5013b~mv2.jpg/helga3.jpg#originWidth=263&originHeight=350"",""title"":""helga3.jpg"",""type"":""image"",""settings"":{""width"":263,""height"":350,""focalPoint"":[0.5,0.5]}},{""description"":"""",""slug"":""313291_54766b9f09f5438cbc3365ce79c6d26a~mv2.jpg"",""alt"":"""",""src"":""wix:image://v1/313291_54766b9f09f5438cbc3365ce79c6d26a~mv2.jpg/helga4.jpg#originWidth=263&originHeight=197"",""title"":""helga4.jpg"",""type"":""image"",""settings"":{""width"":263,""height"":197,""focalPoint"":[0.5,0.5]}}]",,"/adoptii-caini/","/adoptii-caini/helga","78bbd064-98de-40dd-a77c-03ebcfdec0a7",2024-04-04T20:52:27Z,2026-02-08T19:47:52Z,"31329177-7717-416d-a193-71cad58cf27c",29
"Bashful si Grumpy","2 ani","Medie","Mascul","Timid si afectuos","Vaccinat si castrat","🐾 Bashful & Grumpy – doi câini, o poveste care nu ar fi trebuit să existe 🐾

Au fost găsiți pe un câmp… într-un sac.
Șapte pui de doar 4 săptămâni, smulși brutal de lângă mama lor și aruncați ca niște obiecte fără valoare. Era toamnă, frig, umezeală – condiții în care șansele lor erau aproape inexistente. Și totuși, au ales să trăiască.

Noi i-am salvat. Le-am oferit siguranță, hrană, grijă. Le-am dat o a doua șansă la viață.
Dar dintre cei șapte, niciunul nu a fost ales, deși au trecut doi ani. Doi ani în care au privit fiecare om care a intrat pe poartă… sperând.

Poate pentru că nu au o „rasă”.
Poate pentru că pe carnetul lor nu există altă etichetă decât una singură: supraviețuitor.

Bashful și Grumpy sunt câini minunați. Blânzi, echilibrați, afectuoși.
Nu își doresc să fie câini într-o cușcă, într-o curte.
Își doresc o familie.
Un loc unde să fie parte din viața cuiva.
Să doarmă la picioarele tale.
Să te aștepte la ușă.
Să te iubească fără condiții.

Nu cer mult.
Doar o casă. O mână blândă. Un om care să-i privească și să spună:
„Rămâi. De azi ești al meu.” ❤️

Dacă simți că inima ți-a tresărit citind aceste rânduri, poate că unul dintre ei te așteaptă pe tine.
Iar dacă nu poți adopta, o distribuire le poate schimba destinul.","wix:image://v1/23c494_03690f95c26946e8a39eb03e26105279~mv2.jpg/bashful%20si%20grumpy1.jpg#originWidth=1748&originHeight=2048","[{""description"":"""",""fileName"":""bashful si grumpy1.jpg"",""slug"":""23c494_03690f95c26946e8a39eb03e26105279~mv2.jpg"",""alt"":"""",""src"":""wix:image://v1/23c494_03690f95c26946e8a39eb03e26105279~mv2.jpg/bashful%2520si%2520grumpy1.jpg#originWidth=1748&originHeight=2048"",""title"":""bashful si grumpy1.jpg"",""type"":""image"",""settings"":{""width"":1748,""height"":2048,""focalPoint"":[0.5,0.5]}},{""description"":"""",""fileName"":""bashful si grumpy2.jpg"",""slug"":""23c494_ccd5d31b3f92477386d4ef912ae99f86~mv2.jpg"",""alt"":"""",""src"":""wix:image://v1/23c494_ccd5d31b3f92477386d4ef912ae99f86~mv2.jpg/bashful%2520si%2520grumpy2.jpg#originWidth=1526&originHeight=2048"",""title"":""bashful si grumpy2.jpg"",""type"":""image"",""settings"":{""width"":1526,""height"":2048,""focalPoint"":[0.5,0.5]}},{""description"":"""",""fileName"":""bashful si grumpy3.jpg"",""slug"":""23c494_18e52807c6264a0591a2eefefca8a5c3~mv2.jpg"",""alt"":"""",""src"":""wix:image://v1/23c494_18e52807c6264a0591a2eefefca8a5c3~mv2.jpg/bashful%2520si%2520grumpy3.jpg#originWidth=1472&originHeight=2048"",""title"":""bashful si grumpy3.jpg"",""type"":""image"",""settings"":{""width"":1472,""height"":2048,""focalPoint"":[0.5,0.5]}},{""description"":"""",""fileName"":""bashful si grumpy5.jpg"",""slug"":""23c494_bcbe37cc0c864f858334bec0cf3c7f71~mv2.jpg"",""alt"":"""",""src"":""wix:image://v1/23c494_bcbe37cc0c864f858334bec0cf3c7f71~mv2.jpg/bashful%2520si%2520grumpy5.jpg#originWidth=1536&originHeight=2048"",""title"":""bashful si grumpy5.jpg"",""type"":""image"",""settings"":{""width"":1536,""height"":2048,""focalPoint"":[0.5,0.5]}},{""description"":"""",""fileName"":""bashful si grumpy4.jpg"",""slug"":""23c494_0af97b490e5647e1aaf7c377f67d849f~mv2.jpg"",""alt"":"""",""src"":""wix:image://v1/23c494_0af97b490e5647e1aaf7c377f67d849f~mv2.jpg/bashful%2520si%2520grumpy4.jpg#originWidth=1374&originHeight=2048"",""title"":""bashful si grumpy4.jpg"",""type"":""image"",""settings"":{""width"":1374,""height"":2048,""focalPoint"":[0.5,0.5]}}]",,"/adoptii-caini/","/adoptii-caini/bashful-si-grumpy","78d90238-89c9-4ecd-a127-18fe8cef2580",2026-02-08T18:31:11Z,2026-02-08T19:57:28Z,"23c49494-5a15-4979-b6f5-22839a07d7fc",9
"Tess","11 ani","Medie","Femela","Sociabila si jucausa","Vaccinata, sterilizata","Tess este de 5 ani la noi, practic de cand am salvat-o de pe marginea drumului, cand era o puiuta. Cateii negri au cele mai mici sanse de adoptie, nimeni nu a intrebat vreodata de ea si asta e tare trist. Ii cautam in continuare oameni responsabili si iubitori.","wix:image://v1/313291_d195411abcbd433c9500c425efc95c09~mv2.webp/tess1.webp#originWidth=501&originHeight=665","[{""description"":"""",""slug"":""313291_918b2ddd88a34f908075454a086f49eb~mv2.webp"",""alt"":"""",""src"":""wix:image://v1/313291_918b2ddd88a34f908075454a086f49eb~mv2.webp/ambra1.webp#originWidth=465&originHeight=738"",""title"":""ambra1.webp"",""type"":""image"",""settings"":{""width"":465,""height"":738,""focalPoint"":[0.5,0.5]}},{""description"":"""",""slug"":""313291_64c76809cf6747d6b00c84dcd30115b2~mv2.webp"",""alt"":"""",""src"":""wix:image://v1/313291_64c76809cf6747d6b00c84dcd30115b2~mv2.webp/ambra2.webp#originWidth=586&originHeight=738"",""title"":""ambra2.webp"",""type"":""image"",""settings"":{""width"":586,""height"":738,""focalPoint"":[0.5,0.5]}},{""description"":"""",""slug"":""313291_76a29d2c3b1940a3b050e7bf94341e7e~mv2.webp"",""alt"":"""",""src"":""wix:image://v1/313291_76a29d2c3b1940a3b050e7bf94341e7e~mv2.webp/ambra3.webp#originWidth=557&originHeight=738"",""title"":""ambra3.webp"",""type"":""image"",""settings"":{""width"":557,""height"":738,""focalPoint"":[0.5,0.5]}},{""description"":"""",""slug"":""313291_4ca025e116f24070b7771b0a1e4fb1b1~mv2.webp"",""alt"":"""",""src"":""wix:image://v1/313291_4ca025e116f24070b7771b0a1e4fb1b1~mv2.webp/ambra4.webp#originWidth=612&originHeight=738"",""title"":""ambra4.webp"",""type"":""image"",""settings"":{""width"":612,""height"":738,""focalPoint"":[0.5,0.5]}}]",,"/adoptii-caini/","/adoptii-caini/tess","89d34a21-c4da-49c9-b0b6-5f9fe82ca4c7",2024-04-04T20:48:19Z,2026-02-08T19:47:52Z,"31329177-7717-416d-a193-71cad58cf27c",28
"Gretel","3 ani","Mica","Femela","Docila si afectuoasa","Vaccinata, sterilizata","🐶 Gretel așteaptă un om și o casă încă de când era o puiuță de doar 2 luni. Anii au trecut, iar ea este încă aici…
Astăzi are 3 ani, este de talie medie, cântărește aproximativ 13–14 kg și este ideală pentru viața la apartament.

Gretel este prietenoasă, blândă și dornică de mângâieri, genul de cățelușă care se apropie cu încredere și care îți oferă afecțiune sinceră din prima clipă. Are un suflet bun și o privire care încă speră.

💔 Gretel așteaptă o șansă la o viață mai bună.
Nu un adăpost. Nu o așteptare fără sfârșit. Ci un cămin, un loc al ei, un om care să o aleagă.

🙏 Voi îi puteți oferi această șansă printr-o simplă distribuire.
Un share poate fi pasul care o scoate din anonimat și o duce acasă.

🏡 Adopția este disponibilă în București și în împrejurimi, pentru o familie responsabilă, care să-i ofere stabilitate, siguranță și iubire.

Gretel nu cere mult. Doar să fie aleasă.
Poate chiar de tine 🤍","wix:image://v1/23c494_f97f23f2d9bb4792806ab5aae442ae59~mv2.jpg/gretel%203%20ani.jpg#originWidth=526&originHeight=526","[{""description"":"""",""fileName"":""gretel 3 ani.jpg"",""slug"":""23c494_f97f23f2d9bb4792806ab5aae442ae59~mv2.jpg"",""alt"":"""",""src"":""wix:image://v1/23c494_f97f23f2d9bb4792806ab5aae442ae59~mv2.jpg/gretel%25203%2520ani.jpg#originWidth=526&originHeight=526"",""title"":""gretel 3 ani.jpg"",""type"":""image"",""settings"":{""width"":526,""height"":526,""focalPoint"":[0.5,0.5]}}]",,"/adoptii-caini/","/adoptii-caini/gretel","8c8ba5c8-1250-4aa0-a8f7-a636cb18f210",2026-02-08T17:47:15Z,2026-02-08T19:47:52Z,"23c49494-5a15-4979-b6f5-22839a07d7fc",6
"Caramel","8 ani","Mica","Femela","Timida si jucausa","Vaccinata, sterilizata","Caramel era o mogaldeata de o luna de zile cand am salvat-o de pe campuri, plina de capuse si purici.

Si-a petrecut copilaria in adapost, nu stie nimic din lumea de afara, ne cunoaste doar pe noi, este timda cu oamenii noi, ca atare are nevoie de o familie care sa aiba experienta cu cateii si rabdare sa o acomodeze pe frumoasa Caramel intr-un alt mediu.","wix:image://v1/313291_b6363bb3dd764ea4aa0c0c88595a0bff~mv2.webp/caramel1.webp#originWidth=695&originHeight=738","[{""description"":"""",""slug"":""313291_b6363bb3dd764ea4aa0c0c88595a0bff~mv2.webp"",""alt"":"""",""src"":""wix:image://v1/313291_b6363bb3dd764ea4aa0c0c88595a0bff~mv2.webp/caramel1.webp#originWidth=695&originHeight=738"",""title"":""caramel1.webp"",""type"":""image"",""settings"":{""width"":695,""height"":738,""focalPoint"":[0.5,0.5]}},{""description"":"""",""slug"":""313291_5db3ce7fc37a47df8bb88e59dc487e97~mv2.webp"",""alt"":"""",""src"":""wix:image://v1/313291_5db3ce7fc37a47df8bb88e59dc487e97~mv2.webp/caramel2.webp#originWidth=554&originHeight=738"",""title"":""caramel2.webp"",""type"":""image"",""settings"":{""width"":554,""height"":738,""focalPoint"":[0.5,0.5]}},{""description"":"""",""slug"":""313291_ea3e932fa41341a8a798e772c9f16535~mv2.webp"",""alt"":"""",""src"":""wix:image://v1/313291_ea3e932fa41341a8a798e772c9f16535~mv2.webp/caramel3.webp#originWidth=554&originHeight=738"",""title"":""caramel3.webp"",""type"":""image"",""settings"":{""width"":554,""height"":738,""focalPoint"":[0.5,0.5]}}]",,"/adoptii-caini/","/adoptii-caini/caramel","8d2d1ce9-6bbe-458b-b182-8243e27db725",2024-04-04T20:08:20Z,2026-02-08T19:47:52Z,"31329177-7717-416d-a193-71cad58cf27c",13
"Nadira","10 ani","Medie","Femela","Blanda si afectuoasa","Vaccinata, sterilizata","Pe Nadira o avem in grija de cand era o puiuta de 2 luni, si-a petrecut copilaria si adolescenta in adapost, nimeni nu a intrebat vreodata de ea si aceasta este tristetea cateilor negri. Nu conteaza ca Nadira adora omul sau ca este sociabila cu alti catei... culoarea blanitei ei ii impiedica pe oameni sa vada in ochii ei sufletul sau minunat.

A implinit 7 ani si speram ca undeva, candva un om bun, iubitor si responsabil va trimite un email la  sa ne spuna: vreau sa o adopt pe Nadira.","wix:image://v1/313291_fb1ff546023545c1a7fd2e76d0d4143e~mv2.jpg/nadira1.jpg#originWidth=480&originHeight=592","[{""description"":"""",""slug"":""313291_fb1ff546023545c1a7fd2e76d0d4143e~mv2.jpg"",""alt"":"""",""src"":""wix:image://v1/313291_fb1ff546023545c1a7fd2e76d0d4143e~mv2.jpg/nadira1.jpg#originWidth=480&originHeight=592"",""title"":""nadira1.jpg"",""type"":""image"",""settings"":{""width"":480,""height"":592,""focalPoint"":[0.5,0.5]}}]",,"/adoptii-caini/","/adoptii-caini/nadira","8d2ed82a-9ea3-44e2-bf73-81a49bf24825",2024-04-04T20:54:12Z,2026-02-08T19:47:52Z,"31329177-7717-416d-a193-71cad58cf27c",30
"Sherry","10 ani","Media","Femela","Afectuoasa","Vaccinata, sterilizata","Daca lumea ar cunoaste-o pe Sherry cum o stim noi, ar lua-o acasa si nu i-ar mai da drumul. Este o minune de catelusa care iubeste oamenii cum doar un catel este capabil: autentic si pe viata.","wix:image://v1/313291_404e3b16be854061b079f6029653f3a9~mv2.webp/sherry1.webp#originWidth=572&originHeight=738","[{""description"":"""",""slug"":""313291_404e3b16be854061b079f6029653f3a9~mv2.webp"",""alt"":"""",""src"":""wix:image://v1/313291_404e3b16be854061b079f6029653f3a9~mv2.webp/sherry1.webp#originWidth=572&originHeight=738"",""title"":""sherry1.webp"",""type"":""image"",""settings"":{""width"":572,""height"":738,""focalPoint"":[0.5,0.5]}},{""description"":"""",""slug"":""313291_f7c713ef57aa49528d892d07b86dbe40~mv2.webp"",""alt"":"""",""src"":""wix:image://v1/313291_f7c713ef57aa49528d892d07b86dbe40~mv2.webp/sherry2.webp#originWidth=984&originHeight=738"",""title"":""sherry2.webp"",""type"":""image"",""settings"":{""width"":984,""height"":738,""focalPoint"":[0.5,0.5]}},{""description"":"""",""slug"":""313291_bfe2268cf7d34a8d84fef7529c86a111~mv2.webp"",""alt"":"""",""src"":""wix:image://v1/313291_bfe2268cf7d34a8d84fef7529c86a111~mv2.webp/sherry3.webp#originWidth=549&originHeight=738"",""title"":""sherry3.webp"",""type"":""image"",""settings"":{""width"":549,""height"":738,""focalPoint"":[0.5,0.5]}}]",,"/adoptii-caini/","/adoptii-caini/sherry","91aa7cc4-62b2-41fb-9a12-214b5bacee18",2024-04-04T20:35:14Z,2026-02-08T19:51:03Z,"31329177-7717-416d-a193-71cad58cf27c",25
"Brownie","4 luni","Medie","Femela","Docila si afectuoasa","Vaccinata","🐾 Brownie încă așteaptă omul ei… îl găsim împreună? 🐾

Brownie este una dintre acele suflete care nu ar fi trebuit niciodată să cunoască abandonul. A fost salvată împreună cu frățiorul ei din pericolele străzii, unde ajunseseră dintr-un motiv trist, dar des întâlnit: lipsa de responsabilitate a unui om care nu și-a sterilizat cățelușa.

De atunci, Brownie a crescut frumos și așteaptă, cuminte, momentul în care misiunea noastră se va încheia așa cum trebuie: cu ea în brațele omului ei, într-un cămin adevărat.

Are aproximativ 4 luni, este o minune de cățelușă – dulce, caldă, iubitoare și foarte docilă. Are schema completă de vaccinare, ceea ce înseamnă că poate descoperi lumea: plimbări în parc, joacă, explorare… lucruri simple și normale, pe care orice cățel ar trebui să le trăiască, dar pe care noi, din păcate, nu i le putem oferi pe termen lung.

Brownie visează la o familie care să o mângâie, să o iubească și să o învețe ce înseamnă siguranța și apartenența.

📍 Adopția este pentru București și împrejurimi","wix:image://v1/23c494_cb7630b9d6b5407698d6efc32f3f0ef1~mv2.jpg/brownie1.jpg#originWidth=1378&originHeight=1335","[{""description"":"""",""fileName"":""brownie1.jpg"",""slug"":""23c494_cb7630b9d6b5407698d6efc32f3f0ef1~mv2.jpg"",""alt"":"""",""src"":""wix:image://v1/23c494_cb7630b9d6b5407698d6efc32f3f0ef1~mv2.jpg/brownie1.jpg#originWidth=1378&originHeight=1335"",""title"":""brownie1.jpg"",""type"":""image"",""settings"":{""width"":1378,""height"":1335,""focalPoint"":[0.5,0.5]}},{""description"":"""",""fileName"":""brownie2.jpg"",""slug"":""23c494_e041256a5ac14f7b87b79d19b881511b~mv2.jpg"",""alt"":"""",""src"":""wix:image://v1/23c494_e041256a5ac14f7b87b79d19b881511b~mv2.jpg/brownie2.jpg#originWidth=1500&originHeight=1557"",""title"":""brownie2.jpg"",""type"":""image"",""settings"":{""width"":1500,""height"":1557,""focalPoint"":[0.5,0.5]}},{""description"":"""",""fileName"":""brownie3.jpg"",""slug"":""23c494_c9112cd955814509acf9b974704122f5~mv2.jpg"",""alt"":"""",""src"":""wix:image://v1/23c494_c9112cd955814509acf9b974704122f5~mv2.jpg/brownie3.jpg#originWidth=1314&originHeight=1117"",""title"":""brownie3.jpg"",""type"":""image"",""settings"":{""width"":1314,""height"":1117,""focalPoint"":[0.5,0.5]}},{""description"":"""",""fileName"":""brownie4.jpg"",""slug"":""23c494_fea2ac7979c64b56b06f1f99155bf2d9~mv2.jpg"",""alt"":"""",""src"":""wix:image://v1/23c494_fea2ac7979c64b56b06f1f99155bf2d9~mv2.jpg/brownie4.jpg#originWidth=1500&originHeight=2000"",""title"":""brownie4.jpg"",""type"":""image"",""settings"":{""width"":1500,""height"":2000,""focalPoint"":[0.5,0.5]}},{""description"":"""",""fileName"":""brownie6.jpg"",""slug"":""23c494_05a31688c3ef4a03a574ffaaeae49981~mv2.jpg"",""alt"":"""",""src"":""wix:image://v1/23c494_05a31688c3ef4a03a574ffaaeae49981~mv2.jpg/brownie6.jpg#originWidth=1500&originHeight=2000"",""title"":""brownie6.jpg"",""type"":""image"",""settings"":{""width"":1500,""height"":2000,""focalPoint"":[0.5,0.5]}},{""description"":"""",""fileName"":""brownie5.jpg"",""slug"":""23c494_6038dd02f435415fab87356ee05c62f8~mv2.jpg"",""alt"":"""",""src"":""wix:image://v1/23c494_6038dd02f435415fab87356ee05c62f8~mv2.jpg/brownie5.jpg#originWidth=1362&originHeight=1501"",""title"":""brownie5.jpg"",""type"":""image"",""settings"":{""width"":1362,""height"":1501,""focalPoint"":[0.5,0.5]}}]",,"/adoptii-caini/","/adoptii-caini/brownie","97eaa34d-a5e6-4fe6-9612-36a4b9754eb1",2026-02-08T18:01:47Z,2026-02-08T19:47:52Z,"23c49494-5a15-4979-b6f5-22839a07d7fc",1
"Ambra","11 ani","Medie","Femela","Blanda si afectuoasa","Vaccinata, sterilizata","Numele meu este Ambra, sunt o catelusa de talie mica spre medie  ( 16 kg ) si voi incerca cat de mult pot eu sa va conving sa fac parte din familie voastra. O sa incep prin a va spune ca am fost salvata din strada cand aveam in jur de 3 luni si astept ca cineva sa fie interesat de mine, lucru care din nefericire pt mine, nu s-a intamplat.

Nici eu nu imi explic acest lucru pt ca sunt o catelusa cu toate calitatile posibile, iubesc oamenii si tot ce imi doresc este afectiunea si atentia lor si daca nu le capat, stiu ce am de facut: ma ridic in doua labute si ma uit in ochii lor pentru a-i arata cat de mult ii iubesc. In plus, sa stiti ca ma inteleg foarte bine si cu alti catei. Sunt un pic trista in poze, dar de fel sunt o catelusa vesela si jucausa.","wix:image://v1/313291_918b2ddd88a34f908075454a086f49eb~mv2.webp/ambra1.webp#originWidth=465&originHeight=738","[{""description"":"""",""slug"":""313291_918b2ddd88a34f908075454a086f49eb~mv2.webp"",""alt"":"""",""src"":""wix:image://v1/313291_918b2ddd88a34f908075454a086f49eb~mv2.webp/ambra1.webp#originWidth=465&originHeight=738"",""title"":""ambra1.webp"",""type"":""image"",""settings"":{""width"":465,""height"":738,""focalPoint"":[0.5,0.5]}},{""description"":"""",""slug"":""313291_4ca025e116f24070b7771b0a1e4fb1b1~mv2.webp"",""alt"":"""",""src"":""wix:image://v1/313291_4ca025e116f24070b7771b0a1e4fb1b1~mv2.webp/ambra4.webp#originWidth=612&originHeight=738"",""title"":""ambra4.webp"",""type"":""image"",""settings"":{""width"":612,""height"":738,""focalPoint"":[0.5,0.5]}},{""description"":"""",""slug"":""313291_76a29d2c3b1940a3b050e7bf94341e7e~mv2.webp"",""alt"":"""",""src"":""wix:image://v1/313291_76a29d2c3b1940a3b050e7bf94341e7e~mv2.webp/ambra3.webp#originWidth=557&originHeight=738"",""title"":""ambra3.webp"",""type"":""image"",""settings"":{""width"":557,""height"":738,""focalPoint"":[0.5,0.5]}},{""description"":"""",""slug"":""313291_64c76809cf6747d6b00c84dcd30115b2~mv2.webp"",""alt"":"""",""src"":""wix:image://v1/313291_64c76809cf6747d6b00c84dcd30115b2~mv2.webp/ambra2.webp#originWidth=586&originHeight=738"",""title"":""ambra2.webp"",""type"":""image"",""settings"":{""width"":586,""height"":738,""focalPoint"":[0.5,0.5]}}]","https://www.facebook.com/Hope.Animal.Protection.Organization/videos/1200504693361641","/adoptii-caini/","/adoptii-caini/ambra","9b836935-98da-4ce7-9377-c8516377b7ec",2024-04-04T20:28:22Z,2026-02-08T19:54:32Z,"31329177-7717-416d-a193-71cad58cf27c",34
"Louise","10 ani","Medie","Femela","Jucausa si afectuoasa","Vaccinata, sterilizata","Louise este o catelusa vesela, zglobie, afectuoasa si a fost salvata din mediul rural unde a dus cel mai probabil o viata in lant. Ii cautam oameni care sa o primeasca in casa si in suflet,","wix:image://v1/313291_b8b57569d0954d879811b7cd5d302aff~mv2.webp/louise1.webp#originWidth=509&originHeight=738","[{""description"":"""",""slug"":""313291_b8b57569d0954d879811b7cd5d302aff~mv2.webp"",""alt"":"""",""src"":""wix:image://v1/313291_b8b57569d0954d879811b7cd5d302aff~mv2.webp/louise1.webp#originWidth=509&originHeight=738"",""title"":""louise1.webp"",""type"":""image"",""settings"":{""width"":509,""height"":738,""focalPoint"":[0.5,0.5]}},{""description"":"""",""slug"":""313291_06e30ec940f44660a9a0aeb38eb6f8e5~mv2.webp"",""alt"":"""",""src"":""wix:image://v1/313291_06e30ec940f44660a9a0aeb38eb6f8e5~mv2.webp/louise2.webp#originWidth=491&originHeight=738"",""title"":""louise2.webp"",""type"":""image"",""settings"":{""width"":491,""height"":738,""focalPoint"":[0.5,0.5]}},{""description"":"""",""slug"":""313291_f2afd6a93d434de88f6e85babe8f1c16~mv2.webp"",""alt"":"""",""src"":""wix:image://v1/313291_f2afd6a93d434de88f6e85babe8f1c16~mv2.webp/louise3.webp#originWidth=590&originHeight=738"",""title"":""louise3.webp"",""type"":""image"",""settings"":{""width"":590,""height"":738,""focalPoint"":[0.5,0.5]}},{""description"":"""",""slug"":""313291_177868de43bf4aa29313d46bfa610915~mv2.webp"",""alt"":"""",""src"":""wix:image://v1/313291_177868de43bf4aa29313d46bfa610915~mv2.webp/louise4.webp#originWidth=560&originHeight=738"",""title"":""louise4.webp"",""type"":""image"",""settings"":{""width"":560,""height"":738,""focalPoint"":[0.5,0.5]}},{""description"":"""",""slug"":""313291_9aa946a6f5254381901cec826944e802~mv2.webp"",""alt"":"""",""src"":""wix:image://v1/313291_9aa946a6f5254381901cec826944e802~mv2.webp/louise5.webp#originWidth=984&originHeight=738"",""title"":""louise5.webp"",""type"":""image"",""settings"":{""width"":984,""height"":738,""focalPoint"":[0.5,0.5]}}]",,"/adoptii-caini/","/adoptii-caini/louise","a529b2d3-f0ae-4d31-8c56-feb262785b84",2024-04-04T20:41:32Z,2026-02-08T19:51:14Z,"31329177-7717-416d-a193-71cad58cf27c",26
"Macy","10 ani","Medie","Femela","Blanda si afectuoasa","Vaccinata, sterilizata","Daca lumea ar cunoaste-o asa cum o stim noi, ar intelege de ce spun ca frumusetea aceasta este este definitia iubirii neconditionate.

Isi traieste viata in tarc cu alti catei si de fiecare data cand intram la ei, pe Macy nu o intereseaza mancarea, fie ea conserva sau crochete, nu vrea decat sa o iau in brate si sa o mangai iar noi plecam de fiecare data cu sufletul rupt pt ca locul ei nu este in tarc, ci in casa, in cosulet, in parc alaturi de un om minunat. Daca tu esti acea persoana pt Macy, contacteaza-ne.","wix:image://v1/23c494_4ae5e13152214faebd1aaf045935c697~mv2.jpg/macy3_edited.jpg#originWidth=222&originHeight=280","[{""description"":"""",""slug"":""313291_ea7a7f14979a47cd893f678176c87b6b~mv2.jpg"",""alt"":"""",""src"":""wix:image://v1/313291_ea7a7f14979a47cd893f678176c87b6b~mv2.jpg/macy1.jpg#originWidth=253&originHeight=319"",""title"":""macy1.jpg"",""type"":""image"",""settings"":{""width"":253,""height"":319,""focalPoint"":[0.5,0.5]}},{""description"":"""",""slug"":""313291_bcbdce63d4b540c8a7256bd6b0cf11c2~mv2.jpg"",""alt"":"""",""src"":""wix:image://v1/313291_bcbdce63d4b540c8a7256bd6b0cf11c2~mv2.jpg/macy2.jpg#originWidth=253&originHeight=189"",""title"":""macy2.jpg"",""type"":""image"",""settings"":{""width"":253,""height"":189,""focalPoint"":[0.5,0.5]}},{""description"":"""",""slug"":""313291_2b286d57aa98445bacf87c7a6d9bbb1e~mv2.jpg"",""alt"":"""",""src"":""wix:image://v1/313291_2b286d57aa98445bacf87c7a6d9bbb1e~mv2.jpg/macy3.jpg#originWidth=253&originHeight=370"",""title"":""macy3.jpg"",""type"":""image"",""settings"":{""width"":253,""height"":370,""focalPoint"":[0.5,0.5]}}]",,"/adoptii-caini/","/adoptii-caini/macy","a902f9e7-ab09-4aad-a114-03e72eaf29ee",2024-04-04T20:32:00Z,2026-02-08T19:47:52Z,"31329177-7717-416d-a193-71cad58cf27c",21
"Labus","8 ani","Medie","Mascul","Afectuos","Vaccinat si castrat","Labus este are un si il avem in grija de cand era un puiut de o luna, este foarte iubitor si afectuos, jucaus, sociabil cu alti catei. Ii cautam oameni responsabili care sa-i ofere un camin cald si la propriu si la figurat.","wix:image://v1/313291_4c78dc5151a345aa83a0d341ae01f9d8~mv2.webp/labus1.webp#originWidth=685&originHeight=738","[{""description"":"""",""slug"":""313291_4c78dc5151a345aa83a0d341ae01f9d8~mv2.webp"",""alt"":"""",""src"":""wix:image://v1/313291_4c78dc5151a345aa83a0d341ae01f9d8~mv2.webp/labus1.webp#originWidth=685&originHeight=738"",""title"":""labus1.webp"",""type"":""image"",""settings"":{""width"":685,""height"":738,""focalPoint"":[0.5,0.5]}},{""description"":"""",""slug"":""313291_33db9164110b48c2899de812cd4206a5~mv2.webp"",""alt"":"""",""src"":""wix:image://v1/313291_33db9164110b48c2899de812cd4206a5~mv2.webp/labus2.webp#originWidth=554&originHeight=738"",""title"":""labus2.webp"",""type"":""image"",""settings"":{""width"":554,""height"":738,""focalPoint"":[0.5,0.5]}},{""description"":"""",""slug"":""313291_8aadfef26ddc43c09ab3bfd0e8a38a30~mv2.webp"",""alt"":"""",""src"":""wix:image://v1/313291_8aadfef26ddc43c09ab3bfd0e8a38a30~mv2.webp/labus3.webp#originWidth=499&originHeight=738"",""title"":""labus3.webp"",""type"":""image"",""settings"":{""width"":499,""height"":738,""focalPoint"":[0.5,0.5]}}]",,"/adoptii-caini/","/adoptii-caini/labus","a9b8b854-297b-45ab-afea-e5953a97064e",2024-04-04T20:28:59Z,2026-02-08T19:57:02Z,"31329177-7717-416d-a193-71cad58cf27c",19
"Charlie","4 luni","Medie","Mascul","Sociabil si jucaus","Vaccinat","🐾 Cine îi oferă lui Charlie șansa la viața pe care o merită? 🐾

Charlie este un pui de suflet care încă își așteaptă omul. A fost salvat împreună cu surioara lui din pericolele străzii, unde ajunseseră amândoi după ce au fost abandonați. O poveste tristă, pornită din lipsa de responsabilitate a unui om care nu și-a sterilizat cățelușa.

De atunci, Charlie crește frumos și visează la ziua în care misiunea noastră se va încheia așa cum trebuie: cu el acasă, mângâiat, iubit și protejat de familia lui.

Are schema completă de vaccinare, ceea ce înseamnă că poate merge la plimbări, poate descoperi parcul, joaca și lucrurile simple de care se bucură orice cățel. Din păcate, sunt experiențe pe care noi nu i le putem oferi pe termen lung.

Charlie are aproximativ 4 luni și este o adevărată minune de cățel: dulce, cald, foarte iubitor, extrem de jucăuș și curios, mereu gata să descopere lumea din jur.

El nu are nevoie de mult – doar de un om bun care să-i fie familie.

📍 Adopția este pentru București și împrejurimi","wix:image://v1/23c494_2982744c60964b2cae1ff709c91d4822~mv2.jpg/charlie1.jpg#originWidth=1047&originHeight=1074","[{""description"":"""",""fileName"":""charlie1.jpg"",""slug"":""23c494_2982744c60964b2cae1ff709c91d4822~mv2.jpg"",""alt"":"""",""src"":""wix:image://v1/23c494_2982744c60964b2cae1ff709c91d4822~mv2.jpg/charlie1.jpg#originWidth=1047&originHeight=1074"",""title"":""charlie1.jpg"",""type"":""image"",""settings"":{""width"":1047,""height"":1074,""focalPoint"":[0.5,0.5]}},{""description"":"""",""fileName"":""charlie2.jpg"",""slug"":""23c494_96be12359704400dbe0471f4da7c03a4~mv2.jpg"",""alt"":"""",""src"":""wix:image://v1/23c494_96be12359704400dbe0471f4da7c03a4~mv2.jpg/charlie2.jpg#originWidth=1130&originHeight=788"",""title"":""charlie2.jpg"",""type"":""image"",""settings"":{""width"":1130,""height"":788,""focalPoint"":[0.5,0.5]}},{""description"":"""",""fileName"":""charlie3.jpg"",""slug"":""23c494_824f46bcc3144b1fb55f2f7eebf355a3~mv2.jpg"",""alt"":"""",""src"":""wix:image://v1/23c494_824f46bcc3144b1fb55f2f7eebf355a3~mv2.jpg/charlie3.jpg#originWidth=1428&originHeight=1088"",""title"":""charlie3.jpg"",""type"":""image"",""settings"":{""width"":1428,""height"":1088,""focalPoint"":[0.5,0.5]}},{""description"":"""",""fileName"":""charlie4.jpg"",""slug"":""23c494_f12d98beddb54386ac9ff33780d7c070~mv2.jpg"",""alt"":"""",""src"":""wix:image://v1/23c494_f12d98beddb54386ac9ff33780d7c070~mv2.jpg/charlie4.jpg#originWidth=1500&originHeight=2000"",""title"":""charlie4.jpg"",""type"":""image"",""settings"":{""width"":1500,""height"":2000,""focalPoint"":[0.5,0.5]}}]",,"/adoptii-caini/","/adoptii-caini/charlie","b2917b95-c63b-43d9-a5ac-3e036c4fb59a",2026-02-08T18:04:38Z,2026-02-08T19:47:52Z,"23c49494-5a15-4979-b6f5-22839a07d7fc",2
"Julie","6 ani","Mica","Femela","Timida si jucausa","Vaccinata, sterilizata","Julie era o mogaldeata de o luna de zile cand am salvat-o de pe campuri, plina de capuse si ciulini.

 Si-a petrecut copilaria in adapost, nu stie nimic din lumea de afara, ne cunoaste doar pe noi, este timda cu oamenii noi, ca atare are nevoie de o familie care sa aiba experienta cu cateii si rabdare sa o acomodeze pe frumoasa Julie intr-un alt mediu.","wix:image://v1/313291_65f41207dc654134bb0c1ce6ba3eb49b~mv2.webp/julie1.webp#originWidth=847&originHeight=738","[{""description"":"""",""slug"":""313291_65f41207dc654134bb0c1ce6ba3eb49b~mv2.webp"",""alt"":"""",""src"":""wix:image://v1/313291_65f41207dc654134bb0c1ce6ba3eb49b~mv2.webp/julie1.webp#originWidth=847&originHeight=738"",""title"":""julie1.webp"",""type"":""image"",""settings"":{""width"":847,""height"":738,""focalPoint"":[0.5,0.5]}},{""description"":"""",""slug"":""313291_71821375076142eda66f1ce6488d9f7b~mv2.webp"",""alt"":"""",""src"":""wix:image://v1/313291_71821375076142eda66f1ce6488d9f7b~mv2.webp/julie2.webp#originWidth=353&originHeight=725"",""title"":""julie2.webp"",""type"":""image"",""settings"":{""width"":353,""height"":725,""focalPoint"":[0.5,0.5]}},{""description"":"""",""slug"":""313291_f47cdec8aa46424ab22abbc725a960b8~mv2.webp"",""alt"":"""",""src"":""wix:image://v1/313291_f47cdec8aa46424ab22abbc725a960b8~mv2.webp/julie3.webp#originWidth=557&originHeight=738"",""title"":""julie3.webp"",""type"":""image"",""settings"":{""width"":557,""height"":738,""focalPoint"":[0.5,0.5]}},{""description"":"""",""slug"":""313291_79909e0bf58b41feb6d8d032f5c2bbd6~mv2.webp"",""alt"":"""",""src"":""wix:image://v1/313291_79909e0bf58b41feb6d8d032f5c2bbd6~mv2.webp/julie4.webp#originWidth=726&originHeight=776"",""title"":""julie4.webp"",""type"":""image"",""settings"":{""width"":726,""height"":776,""focalPoint"":[0.5,0.5]}},{""description"":"""",""slug"":""313291_3dc2efbe68c0429caca9ba1d95f3a68e~mv2.webp"",""alt"":"""",""src"":""wix:image://v1/313291_3dc2efbe68c0429caca9ba1d95f3a68e~mv2.webp/julie5.webp#originWidth=582&originHeight=776"",""title"":""julie5.webp"",""type"":""image"",""settings"":{""width"":582,""height"":776,""focalPoint"":[0.5,0.5]}},{""description"":"""",""slug"":""313291_dc3eaf9e454e4df38cba672bf683d840~mv2.webp"",""alt"":"""",""src"":""wix:image://v1/313291_dc3eaf9e454e4df38cba672bf683d840~mv2.webp/julie6.webp#originWidth=582&originHeight=776"",""title"":""julie6.webp"",""type"":""image"",""settings"":{""width"":582,""height"":776,""focalPoint"":[0.5,0.5]}}]","https://www.facebook.com/Hope.Animal.Protection.Organization/videos/1685781688167270","/adoptii-caini/","/adoptii-caini/julie","b510a99f-1cd9-4330-a767-5baf9b592f44",2024-04-04T20:02:00Z,2026-02-08T19:57:49Z,"31329177-7717-416d-a193-71cad58cf27c",12
"Athos","10 ani","Mica","Mascul","Timid si afectuos","Vaccinat, sterilizat","Athos este de talie mica spre medie, are 4 ani si este in grija noastra de cand era o mogdeata de o luna si un pic. Si-a petrecut copilaria in adapost, e trist si nedrept sa-si petreaca intreaga viata aici, sa nu se bucure de un cosulet pufos si de dragostea unui om al lui.

Athos est un catel timid iar  mediul ideal pentru el ar fi sa locuiasca la curte dar nu in cotet ci in casa cu omul, S-ar adapta mai usor la schimbarea de mediu printr-o adoptie la curte decat la apartament, unde ar interveni, plimbarile in lesa, zgomotele masinilor etc, lucuri noi pt el.","wix:image://v1/313291_301acd479da844f2a322727158b1c17a~mv2.webp/athos1.webp#originWidth=559&originHeight=776","[{""description"":"""",""slug"":""313291_301acd479da844f2a322727158b1c17a~mv2.webp"",""alt"":"""",""src"":""wix:image://v1/313291_301acd479da844f2a322727158b1c17a~mv2.webp/athos1.webp#originWidth=559&originHeight=776"",""title"":""athos1.webp"",""type"":""image"",""settings"":{""width"":559,""height"":776,""focalPoint"":[0.5,0.5]}},{""description"":"""",""slug"":""313291_48dc171495314459b4e7cf6b145b3022~mv2.webp"",""alt"":"""",""src"":""wix:image://v1/313291_48dc171495314459b4e7cf6b145b3022~mv2.webp/athos2.webp#originWidth=566&originHeight=776"",""title"":""athos2.webp"",""type"":""image"",""settings"":{""width"":566,""height"":776,""focalPoint"":[0.5,0.5]}},{""description"":"""",""slug"":""313291_00d9f41af1184e8ca5c320026238d3fc~mv2.webp"",""alt"":"""",""src"":""wix:image://v1/313291_00d9f41af1184e8ca5c320026238d3fc~mv2.webp/athos3.webp#originWidth=582&originHeight=776"",""title"":""athos3.webp"",""type"":""image"",""settings"":{""width"":582,""height"":776,""focalPoint"":[0.5,0.5]}}]",,"/adoptii-caini/","/adoptii-caini/athos","bb7ad72d-702c-4376-8963-9384d250741e",2024-04-04T20:19:54Z,2026-02-08T19:49:00Z,"31329177-7717-416d-a193-71cad58cf27c",22
"Nala","8 luni","Medie","Femela","Docila si afectuoasa","Vaccinata, sterilizata","NALA – sufletul dulce al surioarelor

Nala este cea mai sensibilă dintre cele trei – o cățelușă blândă, caldă și extrem de afectuoasă. Iubește prezența oamenilor și se topește la mângâieri.
Are aproximativ 8 luni, este de talie medie (≈15 kg) și este complet pregătită pentru adopție: deparazitată, vaccinată și sterilizată.
Nala visează la o familie liniștită, unde să fie iubită și protejată așa cum merită.

📍 Adopție în București sau împrejurimi","wix:image://v1/23c494_847d744b00bc4a5094fd4105ce93bc8e~mv2.jpg/Nala%208%20luni.jpg#originWidth=1596&originHeight=2048","[{""description"":"""",""fileName"":""Nala 8 luni.jpg"",""slug"":""23c494_847d744b00bc4a5094fd4105ce93bc8e~mv2.jpg"",""alt"":"""",""src"":""wix:image://v1/23c494_847d744b00bc4a5094fd4105ce93bc8e~mv2.jpg/Nala%25208%2520luni.jpg#originWidth=1596&originHeight=2048"",""title"":""Nala 8 luni.jpg"",""type"":""image"",""settings"":{""width"":1596,""height"":2048,""focalPoint"":[0.5,0.5]}}]",,"/adoptii-caini/","/adoptii-caini/nala","be9d3a3d-73d7-4534-b387-16fccd68b03a",2026-02-08T17:55:24Z,2026-02-08T19:47:52Z,"23c49494-5a15-4979-b6f5-22839a07d7fc",7
"Luke","1 an","Medie","Mascul","Afectuos","Vaccinat si castrat","🐶 Luke este un cățel de talie medie, cu un suflet mare și o inimă caldă. Este blând, iubitor și extrem de afectuos, genul de câine care caută privirea omului și se bucură sincer de orice gest de atenție.

Luke nu cere mult — doar o familie, un loc pe care să-l poată numi „acasă”. Din păcate, timpul trece, iar el încă așteaptă…
💔 Vă rugăm, nu-l lăsați să îmbătrânească în adăpost.

Fiecare distribuire este o șansă în plus pentru Luke să fie văzut, îndrăgit și ales. Uneori, un simplu share poate schimba un destin.

🏡 Îi căutăm o familie responsabilă, care să-i ofere siguranță, răbdare și iubire, în București sau în împrejurimi.

Luke vă va răsplăti cu loialitate, recunoștință și afecțiune sinceră, zi de zi.
Poate că exact tu ești omul pe care îl așteaptă 🤍","wix:image://v1/23c494_7dd520cd035c4840a444695ca7916f88~mv2.jpg/luke%201.jpg#originWidth=1258&originHeight=2048","[{""description"":"""",""fileName"":""luke 1.jpg"",""slug"":""23c494_7dd520cd035c4840a444695ca7916f88~mv2.jpg"",""alt"":"""",""src"":""wix:image://v1/23c494_7dd520cd035c4840a444695ca7916f88~mv2.jpg/luke%25201.jpg#originWidth=1258&originHeight=2048"",""title"":""luke 1.jpg"",""type"":""image"",""settings"":{""width"":1258,""height"":2048,""focalPoint"":[0.5,0.5]}},{""description"":"""",""fileName"":""luke 2.jpg"",""slug"":""23c494_dc4d598100cf479b8f81172bac2eb4e1~mv2.jpg"",""alt"":"""",""src"":""wix:image://v1/23c494_dc4d598100cf479b8f81172bac2eb4e1~mv2.jpg/luke%25202.jpg#originWidth=1691&originHeight=1574"",""title"":""luke 2.jpg"",""type"":""image"",""settings"":{""width"":1691,""height"":1574,""focalPoint"":[0.5,0.5]}},{""description"":"""",""fileName"":""luke 3.jpg"",""slug"":""23c494_10673d499f5f4355a0c0e8c9e7890324~mv2.jpg"",""alt"":"""",""src"":""wix:image://v1/23c494_10673d499f5f4355a0c0e8c9e7890324~mv2.jpg/luke%25203.jpg#originWidth=1264&originHeight=2048"",""title"":""luke 3.jpg"",""type"":""image"",""settings"":{""width"":1264,""height"":2048,""focalPoint"":[0.5,0.5]}},{""description"":"""",""fileName"":""luke 4.jpg"",""slug"":""23c494_7fd4e572cab54befa98557622c7c3ff4~mv2.jpg"",""alt"":"""",""src"":""wix:image://v1/23c494_7fd4e572cab54befa98557622c7c3ff4~mv2.jpg/luke%25204.jpg#originWidth=1294&originHeight=2048"",""title"":""luke 4.jpg"",""type"":""image"",""settings"":{""width"":1294,""height"":2048,""focalPoint"":[0.5,0.5]}}]",,"/adoptii-caini/","/adoptii-caini/luke","c08d2396-ddd0-45be-9a5d-828019a0eadc",2026-02-08T17:37:03Z,2026-02-08T19:47:52Z,"23c49494-5a15-4979-b6f5-22839a07d7fc",4
"Aria","4 ani","Mare","Femela","Afectuoasa","Vaccinata, sterilizata","Aria - catelusa de poveste cauta om pereche.

Este tanara si de talie mare. Un pic timida la inceput cu oamenii, frumoasa noastra se da repede pe brazda cand capata incredere. Voi o puteti ajuta sa schimbe adapostul cu un camin.","wix:image://v1/313291_cbb2a923786d4b68b2569cf7376e775c~mv2.webp/aria1.webp#originWidth=541&originHeight=738","[{""description"":"""",""slug"":""313291_cbb2a923786d4b68b2569cf7376e775c~mv2.webp"",""alt"":"""",""src"":""wix:image://v1/313291_cbb2a923786d4b68b2569cf7376e775c~mv2.webp/aria1.webp#originWidth=541&originHeight=738"",""title"":""aria1.webp"",""type"":""image"",""settings"":{""width"":541,""height"":738,""focalPoint"":[0.5,0.5]}}]",,"/adoptii-caini/","/adoptii-caini/aria","c7f8e2b2-6021-4a11-ae14-474f51df5fdc",2024-04-04T21:08:38Z,2026-02-08T19:57:50Z,"31329177-7717-416d-a193-71cad58cf27c",11
"Lizzie","3 ani","Medie","Femela","Docila si afectuoasa","Vaccinata si sterilizata","🐾 Eu sunt Lizzie și încă îmi aștept familia… 🐾

Sunt o cățelușă veselă din fire, dar în adâncul sufletului meu port o tristețe: încă nu am oamenii mei. Am fost salvată împreună cu cele trei surioare ale mele pe când aveam doar 2 luni, dintr-un loc în care nimeni nu ar trebui abandonat – un cimitir.

Viața a fost mai blândă cu ele. Lady, Minnie și Jane au fost adoptate, dorm acum pe canapele moi și sunt iubite așa cum merită. Eu am rămas aici, în adăpost, așteptând ziua în care va veni și rândul meu.

Sunt de talie mică spre medie, am aproximativ 12–13 kg, sunt foarte jucăușă, iubitoare și afectuoasă, mereu dornică de atenție, mângâieri și de un om pe care să-l numesc „al meu”.

Nu cer mult. Doar o șansă. O familie. Un cămin în care să pot fi fericită și să ofer toată dragostea mea.","wix:image://v1/23c494_0fd194b5cc6a46d09daa0165e66209e3~mv2.jpg/lizzie1.jpg#originWidth=1144&originHeight=2048","[{""description"":"""",""fileName"":""lizzie1.jpg"",""slug"":""23c494_0fd194b5cc6a46d09daa0165e66209e3~mv2.jpg"",""alt"":"""",""src"":""wix:image://v1/23c494_0fd194b5cc6a46d09daa0165e66209e3~mv2.jpg/lizzie1.jpg#originWidth=1144&originHeight=2048"",""title"":""lizzie1.jpg"",""type"":""image"",""settings"":{""width"":1144,""height"":2048,""focalPoint"":[0.5,0.5]}},{""description"":"""",""fileName"":""lizzie3.jpg"",""slug"":""23c494_e4c99352935641b3b1be958807521ba0~mv2.jpg"",""alt"":"""",""src"":""wix:image://v1/23c494_e4c99352935641b3b1be958807521ba0~mv2.jpg/lizzie3.jpg#originWidth=1780&originHeight=2048"",""title"":""lizzie3.jpg"",""type"":""image"",""settings"":{""width"":1780,""height"":2048,""focalPoint"":[0.5,0.5]}},{""description"":"""",""fileName"":""lizzie2.jpg"",""slug"":""23c494_75c7990d4fe14593b12048b94651b97d~mv2.jpg"",""alt"":"""",""src"":""wix:image://v1/23c494_75c7990d4fe14593b12048b94651b97d~mv2.jpg/lizzie2.jpg#originWidth=1536&originHeight=2048"",""title"":""lizzie2.jpg"",""type"":""image"",""settings"":{""width"":1536,""height"":2048,""focalPoint"":[0.5,0.5]}},{""description"":"""",""fileName"":""lizzie4.jpg"",""slug"":""23c494_4bd34b254c9545aabe7363f6d8122d75~mv2.jpg"",""alt"":"""",""src"":""wix:image://v1/23c494_4bd34b254c9545aabe7363f6d8122d75~mv2.jpg/lizzie4.jpg#originWidth=1642&originHeight=2048"",""title"":""lizzie4.jpg"",""type"":""image"",""settings"":{""width"":1642,""height"":2048,""focalPoint"":[0.5,0.5]}},{""description"":"""",""fileName"":""lizzie5.jpg"",""slug"":""23c494_7348a542e3204d359de319c011972b93~mv2.jpg"",""alt"":"""",""src"":""wix:image://v1/23c494_7348a542e3204d359de319c011972b93~mv2.jpg/lizzie5.jpg#originWidth=1693&originHeight=1427"",""title"":""lizzie5.jpg"",""type"":""image"",""settings"":{""width"":1693,""height"":1427,""focalPoint"":[0.5,0.5]}}]",,"/adoptii-caini/","/adoptii-caini/lizzie","e3a61918-e186-4f44-828f-8fc74f932a40",2026-02-08T18:25:40Z,2026-02-08T19:57:25Z,"23c49494-5a15-4979-b6f5-22839a07d7fc",10
"Marble si Maggie","10 ani","Mica","Femela","Timida si jucausa","Vaccinata, sterilizata","Noi le spunem veveritele Maggie si Marble si sunt la noi in grija de 4 ani de cand aveau o luna de zile, sunt nedespartite, sunt haioase, jucause dar si timide.

Si-au petrecut copilaria si adolescenta in adapost dar noi inca speram ca un om bun cu multa rabdare si experienta la catei sa le ofere sansa de a avea o familie si pt ca ele sunt nedezlipite, noi nu le vom desparti. Mediul ideal pt ele ar fi sa locuiasca la curte dar nu in cotet ci in casa cu omul.

S-ar adapta mai usor la schimbarea de mediu printr-o adoptie la curte decat la apartament, unde ar interveni, plimbarile in lesa, zgomitele masinilor etc, lucuri noi pt ele.","wix:image://v1/313291_a29e19a12a4841b9aa0fc5e7af7ac80e~mv2.jpg/marble-maggie1.jpg#originWidth=278&originHeight=278","[{""description"":"""",""slug"":""313291_a29e19a12a4841b9aa0fc5e7af7ac80e~mv2.jpg"",""alt"":"""",""src"":""wix:image://v1/313291_a29e19a12a4841b9aa0fc5e7af7ac80e~mv2.jpg/marble-maggie1.jpg#originWidth=278&originHeight=278"",""title"":""marble-maggie1.jpg"",""type"":""image"",""settings"":{""width"":278,""height"":278,""focalPoint"":[0.5,0.5]}},{""description"":"""",""slug"":""313291_5d95cb12549c46b78d3d41e3ac8fce85~mv2.jpg"",""alt"":"""",""src"":""wix:image://v1/313291_5d95cb12549c46b78d3d41e3ac8fce85~mv2.jpg/marble-maggie2.jpg#originWidth=278&originHeight=270"",""title"":""marble-maggie2.jpg"",""type"":""image"",""settings"":{""width"":278,""height"":270,""focalPoint"":[0.5,0.5]}},{""description"":"""",""slug"":""313291_c7c1856da8344f1f80bce275e7ac30cb~mv2.jpg"",""alt"":"""",""src"":""wix:image://v1/313291_c7c1856da8344f1f80bce275e7ac30cb~mv2.jpg/marble-maggie3.jpg#originWidth=278&originHeight=383"",""title"":""marble-maggie3.jpg"",""type"":""image"",""settings"":{""width"":278,""height"":383,""focalPoint"":[0.5,0.5]}}]","https://www.facebook.com/Hope.Animal.Protection.Organization/videos/1192627767482667","/adoptii-caini/","/adoptii-caini/marble-si-maggie","ec5303ac-2cff-43a8-a852-3e2f11212ce6",2024-04-04T20:17:43Z,2026-02-08T19:57:00Z,"31329177-7717-416d-a193-71cad58cf27c",20
"Ingrid","10 ani","Mare","Femela","Calma si afectuoasa","Vaccinata, sterilizata","Catelusa de exceptie de adoptat si iubit in Bucuresti! 
O cheama Ingrid si am salvat-o de pe marginea drumului din boscheti impreuna cu Otis, catelusul paralizat. Nu am avut timp sa v-o aratam dar o prezentam acum in toata splendoarea ei. Pe cat este de frumoasa si de mare, pe atat este de iubitoare, te ia in brate si nu ti-ar mai da drumul. De altfel asa a reactionat si cand l-a vazut pe Emil prima data cand era pe marginea drumului, i-a sarit pur si simplu in brate. Cum sa nu iubesti un astfel de catel si sa nu-i doresti o familie minunata?

Este buna, blanda si afectuoasa, este foarte prietenoasa si jucausa cu alti catei... este catelusa magica Ingrid careia ii cautam oameni pt care catelul este membru al familiei. 
Are in jur de un an, este de talie medie spre mare, a fost deparazitata si vaccinata si sterilizata. ","wix:image://v1/313291_ce69202733714babb40d6ab8d1aeb1e7~mv2.webp/ingrid1.webp#originWidth=554&originHeight=738","[{""description"":"""",""slug"":""313291_ce69202733714babb40d6ab8d1aeb1e7~mv2.webp"",""alt"":"""",""src"":""wix:image://v1/313291_ce69202733714babb40d6ab8d1aeb1e7~mv2.webp/ingrid1.webp#originWidth=554&originHeight=738"",""title"":""ingrid1.webp"",""type"":""image"",""settings"":{""width"":554,""height"":738,""focalPoint"":[0.5,0.5]}},{""description"":"""",""slug"":""313291_e24eeab757b342008273f170433d3322~mv2.webp"",""alt"":"""",""src"":""wix:image://v1/313291_e24eeab757b342008273f170433d3322~mv2.webp/ingrid2.webp#originWidth=960&originHeight=720"",""title"":""ingrid2.webp"",""type"":""image"",""settings"":{""width"":960,""height"":720,""focalPoint"":[0.5,0.5]}},{""description"":"""",""slug"":""313291_83751fe93ed34bf2b4216da410c27ca7~mv2.webp"",""alt"":"""",""src"":""wix:image://v1/313291_83751fe93ed34bf2b4216da410c27ca7~mv2.webp/ingrid3.webp#originWidth=647&originHeight=738"",""title"":""ingrid3.webp"",""type"":""image"",""settings"":{""width"":647,""height"":738,""focalPoint"":[0.5,0.5]}},{""description"":"""",""slug"":""313291_4e75e2edbacc4539bfacf6a547b9ae30~mv2.webp"",""alt"":"""",""src"":""wix:image://v1/313291_4e75e2edbacc4539bfacf6a547b9ae30~mv2.webp/ingrid4.webp#originWidth=554&originHeight=738"",""title"":""ingrid4.webp"",""type"":""image"",""settings"":{""width"":554,""height"":738,""focalPoint"":[0.5,0.5]}}]",,"/adoptii-caini/","/adoptii-caini/ingrid","ef2a3b0e-46bc-4918-81b6-3d07b512d184",2024-04-04T21:15:03Z,2026-02-08T19:54:34Z,"31329177-7717-416d-a193-71cad58cf27c",35
"Patraulea","7 ani","Medie","Mascul","Energic si afectuos","Vaccinat, sterilizat","Initial trebuia sa ma cheme Patrocle dar salvatorii mei s-au decis sa ma strige Patraulea Fanica:)... pana la urma puteti sa imi spuneti cum vreti voi daca ma luati acasa sa ma iubiti si sa ma ingrijiti toata viata.

 
Despre mine ce sa va spun, sunt un mic personaj cu o personalitate jucausa si energica... argintul viu si alta nu, dar sunt si foarte iubitor si dornic de afectiune.","wix:image://v1/313291_7f76d777000c430fac4e925d516b544a~mv2.jpg/patraulea-fanica6.jpg#originWidth=279&originHeight=329","[{""description"":"""",""slug"":""313291_0bd6c4aedb034a53a1427e7de357d53e~mv2.jpg"",""alt"":"""",""src"":""wix:image://v1/313291_0bd6c4aedb034a53a1427e7de357d53e~mv2.jpg/patraulea-fanica1.jpg#originWidth=279&originHeight=494"",""title"":""patraulea-fanica1.jpg"",""type"":""image"",""settings"":{""width"":279,""height"":494,""focalPoint"":[0.5,0.5]}},{""description"":"""",""slug"":""313291_c0a3b08c38174c55909b2ccc861e3b79~mv2.jpg"",""alt"":"""",""src"":""wix:image://v1/313291_c0a3b08c38174c55909b2ccc861e3b79~mv2.jpg/patraulea-fanica2.jpg#originWidth=279&originHeight=343"",""title"":""patraulea-fanica2.jpg"",""type"":""image"",""settings"":{""width"":279,""height"":343,""focalPoint"":[0.5,0.5]}},{""description"":"""",""slug"":""313291_6251489f3f9b45e0a0c419db8a7dd098~mv2.jpg"",""alt"":"""",""src"":""wix:image://v1/313291_6251489f3f9b45e0a0c419db8a7dd098~mv2.jpg/patraulea-fanica3.jpg#originWidth=279&originHeight=295"",""title"":""patraulea-fanica3.jpg"",""type"":""image"",""settings"":{""width"":279,""height"":295,""focalPoint"":[0.5,0.5]}},{""description"":"""",""slug"":""313291_824ce7332b8f466da8332fa236de5c29~mv2.jpg"",""alt"":"""",""src"":""wix:image://v1/313291_824ce7332b8f466da8332fa236de5c29~mv2.jpg/patraulea-fanica4.jpg#originWidth=279&originHeight=376"",""title"":""patraulea-fanica4.jpg"",""type"":""image"",""settings"":{""width"":279,""height"":376,""focalPoint"":[0.5,0.5]}},{""description"":"""",""slug"":""313291_76de00482e0e41baa767cc84b74c6e6a~mv2.jpg"",""alt"":"""",""src"":""wix:image://v1/313291_76de00482e0e41baa767cc84b74c6e6a~mv2.jpg/patraulea-fanica5.jpg#originWidth=279&originHeight=361"",""title"":""patraulea-fanica5.jpg"",""type"":""image"",""settings"":{""width"":279,""height"":361,""focalPoint"":[0.5,0.5]}},{""description"":"""",""slug"":""313291_7f76d777000c430fac4e925d516b544a~mv2.jpg"",""alt"":"""",""src"":""wix:image://v1/313291_7f76d777000c430fac4e925d516b544a~mv2.jpg/patraulea-fanica6.jpg#originWidth=279&originHeight=329"",""title"":""patraulea-fanica6.jpg"",""type"":""image"",""settings"":{""width"":279,""height"":329,""focalPoint"":[0.5,0.5]}},{""description"":"""",""slug"":""313291_c1eac862d2354293883da95ca31e237d~mv2.jpg"",""alt"":"""",""src"":""wix:image://v1/313291_c1eac862d2354293883da95ca31e237d~mv2.jpg/patraulea-fanica7.jpg#originWidth=279&originHeight=312"",""title"":""patraulea-fanica7.jpg"",""type"":""image"",""settings"":{""width"":279,""height"":312,""focalPoint"":[0.5,0.5]}}]",,"/adoptii-caini/","/adoptii-caini/patraulea","f5ea24b0-2d40-4501-9363-29514e9b0b1e",2024-04-04T20:32:46Z,2026-02-08T19:47:52Z,"31329177-7717-416d-a193-71cad58cf27c",14
